PathwayID,PathwayName,Layer
R-HSA-109582,Hemostasis,0
R-HSA-112316,Neuronal System,0
R-HSA-1266738,Developmental Biology,0
R-HSA-1430728,Metabolism,0
R-HSA-1474165,Reproduction,0
R-HSA-1474244,Extracellular matrix organization,0
R-HSA-1500931,Cell-Cell communication,0
R-HSA-162582,Signal Transduction,0
R-HSA-1640170,Cell Cycle,0
R-HSA-1643685,Disease,0
R-HSA-168256,Immune System,0
R-HSA-1852241,Organelle biogenesis and maintenance,0
R-HSA-382551,Transport of small molecules,0
R-HSA-392499,Metabolism of proteins,0
R-HSA-397014,Muscle contraction,0
R-HSA-400253,Circadian Clock,0
R-HSA-4839726,Chromatin organization,0
R-HSA-5357801,Programmed Cell Death,0
R-HSA-5653656,Vesicle-mediated transport,0
R-HSA-69306,DNA Replication,0
R-HSA-73894,DNA Repair,0
R-HSA-74160,Gene expression (Transcription),0
R-HSA-8953854,Metabolism of RNA,0
R-HSA-8953897,Cellular responses to stimuli,0
R-HSA-8963743,Digestion and absorption,0
R-HSA-9609507,Protein localization,0
R-HSA-9612973,Autophagy,0
R-HSA-9709957,Sensory Perception,0
R-HSA-9748784,Drug ADME,0
R-HSA-109581,Apoptosis,1
R-HSA-112307,Transmission across Electrical Synapses ,1
R-HSA-112315,Transmission across Chemical Synapses,1
R-HSA-1181150,Signaling by NODAL,1
R-HSA-1187000,Fertilization,1
R-HSA-1268020,Mitochondrial protein import,1
R-HSA-1280215,Cytokine Signaling in Immune system,1
R-HSA-1280218,Adaptive Immune System,1
R-HSA-1296071,Potassium Channels,1
R-HSA-1362409,Mitochondrial iron-sulfur cluster biogenesis,1
R-HSA-1368071,NR1D1 (REV-ERBA) represses gene expression,1
R-HSA-1368082,RORA activates gene expression,1
R-HSA-1368108,"BMAL1:CLOCK,NPAS2 activates circadian gene expression",1
R-HSA-140877,Formation of Fibrin Clot (Clotting Cascade),1
R-HSA-1428517,The citric acid (TCA) cycle and respiratory electron transport,1
R-HSA-1474228,Degradation of the extracellular matrix,1
R-HSA-1474290,Collagen formation,1
R-HSA-1475029,Reversible hydration of carbon dioxide,1
R-HSA-1480926,O2/CO2 exchange in erythrocytes,1
R-HSA-1483249,Inositol phosphate metabolism,1
R-HSA-1500620,Meiosis,1
R-HSA-1566948,Elastic fibre formation,1
R-HSA-1566977,Fibronectin matrix formation,1
R-HSA-157118,Signaling by NOTCH,1
R-HSA-15869,Metabolism of nucleotides,1
R-HSA-1592230,Mitochondrial biogenesis,1
R-HSA-1632852,Macroautophagy,1
R-HSA-163685,Integration of energy metabolism,1
R-HSA-165159,MTOR signalling,1
R-HSA-168249,Innate Immune System,1
R-HSA-174824,"Plasma lipoprotein assembly, remodeling, and clearance",1
R-HSA-186712,Regulation of beta-cell development,1
R-HSA-189445,Metabolism of porphyrins,1
R-HSA-194441,Metabolism of non-coding RNA,1
R-HSA-195721,Signaling by WNT,1
R-HSA-196854,Metabolism of vitamins and cofactors,1
R-HSA-199991,Membrane Trafficking,1
R-HSA-202131,Metabolism of nitric oxide: NOS3 activation and regulation,1
R-HSA-202733,Cell surface interactions at the vascular wall,1
R-HSA-2028269,Signaling by Hippo,1
R-HSA-211000,Gene Silencing by RNA,1
R-HSA-211859,Biological oxidations,1
R-HSA-212165,Epigenetic regulation of gene expression,1
R-HSA-216083,Integrin cell surface interactions,1
R-HSA-2161522,Abacavir ADME,1
R-HSA-2173782,Binding and Uptake of Ligands by Scavenger Receptors,1
R-HSA-2187338,Visual phototransduction,1
R-HSA-2262752,Cellular responses to stress,1
R-HSA-2564830,Cytosolic iron-sulfur cluster assembly,1
R-HSA-2586552,Signaling by Leptin,1
R-HSA-2980736,Peptide hormone metabolism,1
R-HSA-3000157,Laminin interactions,1
R-HSA-3000171,Non-integrin membrane-ECM interactions,1
R-HSA-3000178,ECM proteoglycans,1
R-HSA-3247509,Chromatin modifying enzymes,1
R-HSA-354192,Integrin signaling,1
R-HSA-372790,Signaling by GPCR,1
R-HSA-373753,Nephrin family interactions,1
R-HSA-381340,Transcriptional regulation of white adipocyte differentiation,1
R-HSA-381426,Regulation of Insulin-like Growth Factor (IGF) transport and uptake by Insulin-like Growth Factor Binding Proteins (IGFBPs),1
R-HSA-381753,Olfactory Signaling Pathway,1
R-HSA-382556,ABC-family proteins mediated transport,1
R-HSA-390522,Striated Muscle Contraction,1
R-HSA-391160,Signal regulatory protein family interactions,1
R-HSA-391251,Protein folding,1
R-HSA-418346,Platelet homeostasis,1
R-HSA-425407,SLC-mediated transmembrane transport,1
R-HSA-428359,Insulin-like Growth Factor-2 mRNA Binding Proteins (IGF2BPs/IMPs/VICKZs) bind RNA,1
R-HSA-429914,Deadenylation-dependent mRNA decay,1
R-HSA-445355,Smooth Muscle Contraction,1
R-HSA-445717,Aquaporin-mediated transport,1
R-HSA-446728,Cell junction organization,1
R-HSA-450531,Regulation of mRNA stability by proteins that bind AU-rich elements,1
R-HSA-452723,Transcriptional regulation of pluripotent stem cells,1
R-HSA-5218859,Regulated Necrosis,1
R-HSA-5223345,Miscellaneous transport and binding events,1
R-HSA-525793,Myogenesis,1
R-HSA-5260271,Diseases of Immune System,1
R-HSA-5358351,Signaling by Hedgehog,1
R-HSA-5358508,Mismatch Repair,1
R-HSA-556833,Metabolism of lipids,1
R-HSA-5576891,Cardiac conduction,1
R-HSA-5617833,Cilium Assembly,1
R-HSA-5619115,Disorders of transmembrane transporters,1
R-HSA-5619507,Activation of HOX genes during differentiation,1
R-HSA-5660526,Response to metal ions,1
R-HSA-5663202,Diseases of signal transduction by growth factor receptors and second messengers,1
R-HSA-5663205,Infectious disease,1
R-HSA-5668914,Diseases of metabolism,1
R-HSA-5676934,Protein repair,1
R-HSA-5682910,LGI-ADAM interactions,1
R-HSA-5683057,MAPK family signaling cascades,1
R-HSA-5683826,Surfactant metabolism,1
R-HSA-5693532,DNA Double-Strand Break Repair,1
R-HSA-5696398,Nucleotide Excision Repair,1
R-HSA-597592,Post-translational protein modification,1
R-HSA-6783310,Fanconi Anemia Pathway,1
R-HSA-6794362,Protein-protein interactions at synapses,1
R-HSA-6805567,Keratinization,1
R-HSA-69002,DNA Replication Pre-Initiation,1
R-HSA-69239,Synthesis of DNA,1
R-HSA-69278,"Cell Cycle, Mitotic",1
R-HSA-69620,Cell Cycle Checkpoints,1
R-HSA-71291,Metabolism of amino acids and derivatives,1
R-HSA-71387,Metabolism of carbohydrates,1
R-HSA-71737,Pyrophosphate hydrolysis,1
R-HSA-72086,mRNA Capping,1
R-HSA-72203,Processing of Capped Intron-Containing Pre-mRNA,1
R-HSA-72306,tRNA processing,1
R-HSA-72312,rRNA processing,1
R-HSA-72766,Translation,1
R-HSA-73857,RNA Polymerase II Transcription,1
R-HSA-73864,RNA Polymerase I Transcription,1
R-HSA-73884,Base Excision Repair,1
R-HSA-73886,Chromosome Maintenance,1
R-HSA-73887,Death Receptor Signaling,1
R-HSA-73893,DNA Damage Bypass,1
R-HSA-73942,DNA Damage Reversal,1
R-HSA-74158,RNA Polymerase III Transcription,1
R-HSA-75067,Processing of Capped Intronless Pre-mRNA,1
R-HSA-75072,mRNA Editing,1
R-HSA-75205,Dissolution of Fibrin Clot,1
R-HSA-75892,Platelet Adhesion to exposed collagen,1
R-HSA-75944,Transcription from mitochondrial promoters,1
R-HSA-76002,"Platelet activation, signaling and aggregation",1
R-HSA-8935690,Digestion,1
R-HSA-8941237,Invadopodia formation,1
R-HSA-8949215,Mitochondrial calcium ion transport,1
R-HSA-8963676,Intestinal absorption,1
R-HSA-8981607,Intracellular oxygen transport,1
R-HSA-9006335,Signaling by Erythropoietin,1
R-HSA-9006925,Intracellular signaling by second messengers,1
R-HSA-9006927,Signaling by Non-Receptor Tyrosine Kinases,1
R-HSA-9006931,Signaling by Nuclear Receptors,1
R-HSA-9006934,Signaling by Receptor Tyrosine Kinases,1
R-HSA-9006936,Signaling by TGFB family members,1
R-HSA-9033241,Peroxisomal protein import,1
R-HSA-917937,Iron uptake and transport,1
R-HSA-927802,Nonsense-Mediated Decay (NMD),1
R-HSA-9603798,Class I peroxisomal membrane protein import,1
R-HSA-9609523,Insertion of tail-anchored proteins into the endoplasmic reticulum membrane,1
R-HSA-9613829,Chaperone Mediated Autophagy,1
R-HSA-9615710,Late endosomal microautophagy,1
R-HSA-9616222,Transcriptional regulation of granulopoiesis,1
R-HSA-9645723,Diseases of programmed cell death,1
R-HSA-9659379,Sensory processing of sound,1
R-HSA-9671793,Diseases of hemostasis,1
R-HSA-9675108,Nervous system development,1
R-HSA-9675126,Diseases of mitotic cell cycle,1
R-HSA-9675132,Diseases of cellular response to stress,1
R-HSA-9675135,Diseases of DNA repair,1
R-HSA-9675143,Diseases of the neuronal system,1
R-HSA-9675151,Disorders of Developmental Biology,1
R-HSA-9690406,Transcriptional regulation of testis differentiation,1
R-HSA-9716542,"Signaling by Rho GTPases, Miro GTPases and RHOBTB3",1
R-HSA-9717189,Sensory perception of taste,1
R-HSA-9733709,Cardiogenesis,1
R-HSA-9748787,Azathioprine ADME,1
R-HSA-9749641,Aspirin ADME,1
R-HSA-9753281,Paracetamol ADME,1
R-HSA-9754706,Atorvastatin ADME,1
R-HSA-9755088,Ribavirin ADME,1
R-HSA-9757110,Prednisone ADME,1
R-HSA-9758941,Gastrulation,1
R-HSA-977225,Amyloid fiber formation,1
R-HSA-9793528,Ciprofloxacin ADME,1
R-HSA-9816359,Maternal to zygotic transition (MZT),1
R-HSA-9827857,Specification of primordial germ cells,1
R-HSA-983231,Factors involved in megakaryocyte development and platelet production,1
R-HSA-9836573,Mitochondrial RNA degradation,1
R-HSA-983712,Ion channel transport,1
R-HSA-109606,Intrinsic Pathway for Apoptosis,2
R-HSA-110313,Translesion synthesis by Y family DNA polymerases bypasses lesions on DNA template,2
R-HSA-110314,Recognition of DNA damage by PCNA-containing replication complex,2
R-HSA-111367,SLBP independent Processing of Histone Pre-mRNAs,2
R-HSA-112303,Electric Transmission Across Gap Junctions,2
R-HSA-112308,Presynaptic depolarization and calcium channel opening,2
R-HSA-112310,Neurotransmitter release cycle,2
R-HSA-112311,Neurotransmitter clearance,2
R-HSA-112313,Neurotransmitter uptake and metabolism In glial cells,2
R-HSA-112314,Neurotransmitter receptors and postsynaptic signal transmission,2
R-HSA-114508,Effects of PIP2 hydrolysis,2
R-HSA-114604,GPVI-mediated activation cascade,2
R-HSA-1170546,Prolactin receptor signaling,2
R-HSA-1221632,Meiotic synapsis,2
R-HSA-1222556,ROS and RNS production in phagocytes,2
R-HSA-1226099,Signaling by FGFR in disease,2
R-HSA-1227986,Signaling by ERBB2,2
R-HSA-1227990,Signaling by ERBB2 in Cancer,2
R-HSA-1234174,Cellular response to hypoxia,2
R-HSA-1236394,Signaling by ERBB4,2
R-HSA-1237044,Erythrocytes take up carbon dioxide and release oxygen,2
R-HSA-1247673,Erythrocytes take up oxygen and release carbon dioxide,2
R-HSA-1257604,PIP3 activates AKT signaling,2
R-HSA-1296052,Ca2+ activated K+ channels,2
R-HSA-1296061,HCN channels,2
R-HSA-1296065,Inwardly rectifying K+ channels,2
R-HSA-1296072,Voltage gated Potassium channels,2
R-HSA-1296346,Tandem pore domain potassium channels,2
R-HSA-1300642,Sperm Motility And Taxes,2
R-HSA-1300645,Acrosome Reaction and Sperm:Oocyte Membrane Binding,2
R-HSA-1369007,Mitochondrial ABC transporters,2
R-HSA-1369062,ABC transporters in lipid homeostasis,2
R-HSA-140834,Extrinsic Pathway of Fibrin Clot Formation,2
R-HSA-140837,Intrinsic Pathway of Fibrin Clot Formation,2
R-HSA-140875,Common Pathway of Fibrin Clot Formation,2
R-HSA-1433557,Signaling by SCF-KIT,2
R-HSA-1433617,Regulation of signaling by NODAL,2
R-HSA-1442490,Collagen degradation,2
R-HSA-1445148,Translocation of SLC2A4 (GLUT4) to the plasma membrane,2
R-HSA-1483257,Phospholipid metabolism,2
R-HSA-1489509,DAG and IP3 signaling,2
R-HSA-1502540,Signaling by Activin,2
R-HSA-156580,Phase II - Conjugation of compounds,2
R-HSA-156842,Eukaryotic Translation Elongation,2
R-HSA-157579,Telomere Maintenance,2
R-HSA-157858,Gap junction trafficking and regulation,2
R-HSA-1592389,Activation of Matrix Metalloproteinases,2
R-HSA-1614635,Sulfur amino acid metabolism,2
R-HSA-1630316,Glycosaminoglycan metabolism,2
R-HSA-163125,Post-translational modification: synthesis of GPI-anchored proteins,2
R-HSA-163200,"Respiratory electron transport, ATP synthesis by chemiosmotic coupling, and heat production by uncoupling proteins.",2
R-HSA-163282,Mitochondrial transcription initiation,2
R-HSA-163316,Mitochondrial transcription termination,2
R-HSA-163358,PKA-mediated phosphorylation of key metabolic factors,2
R-HSA-163359,Glucagon signaling in metabolic regulation,2
R-HSA-163680,AMPK inhibits chREBP transcriptional activation activity,2
R-HSA-163754,Insulin effects increased synthesis of Xylulose-5-Phosphate,2
R-HSA-163765,ChREBP activates metabolic gene expression,2
R-HSA-163767,PP2A-mediated dephosphorylation of key metabolic factors,2
R-HSA-163841,"Gamma carboxylation, hypusinylation, hydroxylation, and arylsulfatase activation",2
R-HSA-1643713,Signaling by EGFR in Cancer,2
R-HSA-1650814,Collagen biosynthesis and modifying enzymes,2
R-HSA-165181,Inhibition of TSC complex formation by PKB,2
R-HSA-166208,mTORC1-mediated signalling,2
R-HSA-166520,Signaling by NTRKs,2
R-HSA-166658,Complement cascade,2
R-HSA-168643,"Nucleotide-binding domain, leucine rich repeat containing receptor (NLR) signaling pathways",2
R-HSA-168898,Toll-like Receptor Cascades,2
R-HSA-168928,DDX58/IFIH1-mediated induction of interferon-alpha/beta,2
R-HSA-169911,Regulation of Apoptosis,2
R-HSA-170834,Signaling by TGF-beta Receptor Complex,2
R-HSA-177929,Signaling by EGFR,2
R-HSA-1799339,SRP-dependent cotranslational protein targeting to membrane,2
R-HSA-1834949,Cytosolic sensors of pathogen-associated DNA ,2
R-HSA-1855156,IPs transport between ER lumen and nucleus,2
R-HSA-1855167,Synthesis of pyrophosphates in the cytosol,2
R-HSA-1855170,IPs transport between nucleus and cytosol,2
R-HSA-1855183,"Synthesis of IP2, IP, and Ins in the cytosol",2
R-HSA-1855184,IPs transport between cytosol and ER lumen,2
R-HSA-1855191,Synthesis of IPs in the nucleus,2
R-HSA-1855192,IPs transport between nucleus and ER lumen,2
R-HSA-1855196,IP3 and IP4 transport between cytosol and nucleus,2
R-HSA-1855204,Synthesis of IP3 and IP4 in the cytosol,2
R-HSA-1855215,IPs transport between ER lumen and cytosol,2
R-HSA-1855229,IP6 and IP7 transport between cytosol and nucleus,2
R-HSA-1855231,Synthesis of IPs in the ER lumen,2
R-HSA-186797,Signaling by PDGF,2
R-HSA-189085,Digestion of dietary carbohydrate,2
R-HSA-189200,Cellular hexose transport,2
R-HSA-189451,Heme biosynthesis,2
R-HSA-189483,Heme degradation,2
R-HSA-190236,Signaling by FGFR,2
R-HSA-1912422,Pre-NOTCH Expression and Processing,2
R-HSA-191859,snRNP Assembly,2
R-HSA-192456,Digestion of dietary lipid,2
R-HSA-193704,p75 NTR receptor-mediated signalling,2
R-HSA-194138,Signaling by VEGF,2
R-HSA-194315,Signaling by Rho GTPases,2
R-HSA-195253,Degradation of beta-catenin by the destruction complex,2
R-HSA-196849,Metabolism of water-soluble vitamins and cofactors,2
R-HSA-1980143,Signaling by NOTCH1,2
R-HSA-1980145,Signaling by NOTCH2,2
R-HSA-198933,Immunoregulatory interactions between a Lymphoid and a non-Lymphoid cell,2
R-HSA-199977,ER to Golgi Anterograde Transport,2
R-HSA-199992,trans-Golgi Network Vesicle Budding,2
R-HSA-201451,Signaling by BMP,2
R-HSA-201556,Signaling by ALK,2
R-HSA-201681,TCF dependent signaling in response to WNT,2
R-HSA-2022090,Assembly of collagen fibrils and other multimeric structures,2
R-HSA-2022377,Metabolism of Angiotensinogen to Angiotensins,2
R-HSA-202403,TCR signaling,2
R-HSA-2029480,Fcgamma receptor (FCGR) dependent phagocytosis,2
R-HSA-203615,eNOS activation,2
R-HSA-203641,NOSTRIN mediated eNOS trafficking,2
R-HSA-203754,NOSIP mediated eNOS trafficking,2
R-HSA-203927,MicroRNA (miRNA) biogenesis,2
R-HSA-209776,Metabolism of amine-derived hormones,2
R-HSA-209952,Peptide hormone biosynthesis,2
R-HSA-210744,Regulation of gene expression in late stage (branching morphogenesis) pancreatic bud precursor cells,2
R-HSA-210745,Regulation of gene expression in beta cells,2
R-HSA-210746,Regulation of gene expression in endocrine-committed (NEUROG3+) progenitor cells,2
R-HSA-210747,Regulation of gene expression in early pancreatic precursor cells,2
R-HSA-210990,PECAM1 interactions,2
R-HSA-210991,Basigin interactions,2
R-HSA-210993,Tie2 Signaling,2
R-HSA-211945,Phase I - Functionalization of compounds,2
R-HSA-212300,PRC2 methylates histones and DNA,2
R-HSA-212436,Generic Transcription Pathway,2
R-HSA-2129379,Molecules associated with elastic fibres,2
R-HSA-2132295,MHC class II antigen presentation,2
R-HSA-2151201,Transcriptional activation of mitochondrial biogenesis,2
R-HSA-2151209,Activation of PPARGC1A (PGC-1alpha) by phosphorylation,2
R-HSA-2160456,Phenylketonuria,2
R-HSA-2161517,Abacavir transmembrane transport,2
R-HSA-2161541,Abacavir metabolism,2
R-HSA-2168880,Scavenging of heme from plasma,2
R-HSA-2172127,DAP12 interactions,2
R-HSA-2187335,The retinoid cycle in cones (daylight vision),2
R-HSA-2219528,PI3K/AKT Signaling in Cancer,2
R-HSA-2395516,Electron transport from NADPH to Ferredoxin,2
R-HSA-2404192,Signaling by Type 1 Insulin-like Growth Factor 1 Receptor (IGF1R),2
R-HSA-2408522,Selenoamino acid metabolism,2
R-HSA-2453902,The canonical retinoid cycle in rods (twilight vision),2
R-HSA-2454202,Fc epsilon receptor (FCERI) signaling,2
R-HSA-2474795,Diseases associated with visual transduction,2
R-HSA-2514856,The phototransduction cascade,2
R-HSA-2534343,Interaction With Cumulus Cells And The Zona Pellucida,2
R-HSA-2559583,Cellular Senescence,2
R-HSA-2644603,Signaling by NOTCH1 in Cancer,2
R-HSA-264876,Insulin processing,2
R-HSA-2672351,Stimuli-sensing channels,2
R-HSA-2892245,"POU5F1 (OCT4), SOX2, NANOG repress genes related to differentiation",2
R-HSA-2892247,"POU5F1 (OCT4), SOX2, NANOG activate genes related to proliferation",2
R-HSA-2978092,Abnormal conversion of 2-oxoglutarate to 2-hydroxyglutarate,2
R-HSA-2990846,SUMOylation,2
R-HSA-3000170,Syndecan interactions,2
R-HSA-3000471,Scavenging by Class B Receptors,2
R-HSA-3000480,Scavenging by Class A Receptors,2
R-HSA-3000484,Scavenging by Class F Receptors,2
R-HSA-3000497,Scavenging by Class H Receptors,2
R-HSA-3214815,HDACs deacetylate histones,2
R-HSA-3214841,PKMTs methylate histone lysines,2
R-HSA-3214842,HDMs demethylate histones,2
R-HSA-3214847,HATs acetylate histones,2
R-HSA-3214858,RMTs methylate histone arginines,2
R-HSA-3238698,WNT ligand biogenesis and trafficking,2
R-HSA-3296482,Defects in vitamin and cofactor metabolism,2
R-HSA-3304351,Signaling by TGF-beta Receptor Complex in Cancer,2
R-HSA-3371497,HSP90 chaperone cycle for steroid hormone receptors (SHR) in the presence of ligand,2
R-HSA-3371556,Cellular response to heat stress,2
R-HSA-351202,Metabolism of polyamines,2
R-HSA-354194,GRB2:SOS provides linkage to MAPK signaling for Integrins ,2
R-HSA-372708,p130Cas linkage to MAPK signaling for integrins,2
R-HSA-3781865,Diseases of glycosylation,2
R-HSA-379724,tRNA Aminoacylation,2
R-HSA-380972,Energy dependent regulation of mTOR by LKB1-AMPK,2
R-HSA-381119,Unfolded Protein Response (UPR),2
R-HSA-3858494,Beta-catenin independent WNT signaling,2
R-HSA-388396,GPCR downstream signalling,2
R-HSA-388841,Costimulation by the CD28 family,2
R-HSA-388844,Receptor-type tyrosine-protein phosphatases,2
R-HSA-389661,Glyoxylate metabolism and glycine degradation,2
R-HSA-389977,Post-chaperonin tubulin folding pathway,2
R-HSA-390466,Chaperonin-mediated protein folding,2
R-HSA-392154,Nitric oxide stimulates guanylate cyclase,2
R-HSA-392517,Rap1 signalling,2
R-HSA-392518,Signal amplification,2
R-HSA-392851,Prostacyclin signalling through prostacyclin receptor,2
R-HSA-400206,Regulation of lipid metabolism by PPARalpha,2
R-HSA-400508,"Incretin synthesis, secretion, and inactivation",2
R-HSA-418360,Platelet calcium homeostasis,2
R-HSA-421270,Cell-cell junction organization,2
R-HSA-422085,"Synthesis, secretion, and deacylation of Ghrelin",2
R-HSA-422356,Regulation of insulin secretion,2
R-HSA-422475,Axon guidance,2
R-HSA-425366,"Transport of bile salts and organic acids, metal ions and amine compounds",2
R-HSA-425393,Transport of inorganic cations/anions and amino acids/oligopeptides,2
R-HSA-425397,"Transport of vitamins, nucleosides, and related molecules",2
R-HSA-426486,Small interfering RNA (siRNA) biogenesis,2
R-HSA-426496,Post-transcriptional silencing by small RNAs,2
R-HSA-428157,Sphingolipid metabolism,2
R-HSA-429947,Deadenylation of mRNA,2
R-HSA-429958,mRNA decay by 3' to 5' exoribonuclease,2
R-HSA-430039,mRNA decay by 5' to 3' exoribonuclease,2
R-HSA-430116,GP1b-IX-V activation signalling,2
R-HSA-432030,Transport of glycerol from adipocytes to the liver by Aquaporins,2
R-HSA-432040,Vasopressin regulates renal water homeostasis via Aquaporins,2
R-HSA-432047,Passive transport by Aquaporins,2
R-HSA-432142,Platelet sensitization by LDL,2
R-HSA-446107,Type I hemidesmosome assembly,2
R-HSA-446203,Asparagine N-linked glycosylation,2
R-HSA-446353,Cell-extracellular matrix interactions,2
R-HSA-449147,Signaling by Interleukins,2
R-HSA-450385,Butyrate Response Factor 1 (BRF1) binds and destabilizes mRNA,2
R-HSA-450408,AUF1 (hnRNP D0) binds and destabilizes mRNA,2
R-HSA-450513,"Tristetraprolin (TTP, ZFP36) binds and destabilizes mRNA",2
R-HSA-450520,HuR (ELAVL1) binds and stabilizes mRNA,2
R-HSA-450604,KSRP (KHSRP) binds and destabilizes mRNA,2
R-HSA-453274,Mitotic G2-G2/M phases,2
R-HSA-453276,Regulation of mitotic cell cycle,2
R-HSA-453279,Mitotic G1 phase and G1/S transition,2
R-HSA-456926,Thrombin signalling through proteinase activated receptors (PARs),2
R-HSA-4791275,Signaling by WNT in cancer,2
R-HSA-499943,Interconversion of nucleotide di- and triphosphates,2
R-HSA-500792,GPCR ligand binding,2
R-HSA-5173105,O-linked glycosylation,2
R-HSA-5213460,RIPK1-mediated regulated necrosis,2
R-HSA-5221030,"TET1,2,3 and TDG demethylate DNA",2
R-HSA-5250913,Positive epigenetic regulation of rRNA expression,2
R-HSA-5250941,Negative epigenetic regulation of rRNA expression,2
R-HSA-5334118,DNA methylation,2
R-HSA-5357769,Caspase activation via extrinsic apoptotic signalling pathway,2
R-HSA-5358346,Hedgehog ligand biogenesis,2
R-HSA-5358565,Mismatch repair (MMR) directed by MSH2:MSH6 (MutSalpha),2
R-HSA-5358606,Mismatch repair (MMR) directed by MSH2:MSH3 (MutSbeta),2
R-HSA-5362517,Signaling by Retinoic Acid,2
R-HSA-5368287,Mitochondrial translation,2
R-HSA-5387390,Hh mutants abrogate ligand secretion,2
R-HSA-5423599,Diseases of Mismatch Repair (MMR),2
R-HSA-5423646,Aflatoxin activation and detoxification,2
R-HSA-5576886,Phase 4 - resting membrane potential,2
R-HSA-5576890,Phase 3 - rapid repolarisation,2
R-HSA-5576892,Phase 0 - rapid depolarisation,2
R-HSA-5576893,Phase 2 - plateau phase,2
R-HSA-5576894,Phase 1 - inactivation of fast Na+ channels,2
R-HSA-5578749,Transcriptional regulation by small RNAs,2
R-HSA-5578768,Physiological factors,2
R-HSA-5578775,Ion homeostasis,2
R-HSA-5579029,Metabolic disorders of biological oxidation enzymes,2
R-HSA-5579031,Defective ACTH causes obesity and POMCD,2
R-HSA-5601884,PIWI-interacting RNA (piRNA) biogenesis,2
R-HSA-5602358,Diseases associated with the TLR signaling cascade,2
R-HSA-5610787,Hedgehog 'off' state,2
R-HSA-5617472,Activation of anterior HOX genes in hindbrain development during early embryogenesis,2
R-HSA-5619084,ABC transporter disorders,2
R-HSA-5619102,SLC transporter disorders,2
R-HSA-5620912,Anchoring of the basal body to the plasma membrane,2
R-HSA-5620920,Cargo trafficking to the periciliary membrane,2
R-HSA-5620924,Intraflagellar transport,2
R-HSA-5620971,Pyroptosis,2
R-HSA-5621481,C-type lectin receptors (CLRs),2
R-HSA-5632684,Hedgehog 'on' state,2
R-HSA-5652084,Fructose metabolism,2
R-HSA-5653890,Lactose synthesis,2
R-HSA-5657655,MGMT-mediated DNA damage reversal,2
R-HSA-5660489,MTF1 activates gene expression,2
R-HSA-5661231,Metallothioneins bind metals,2
R-HSA-5661270,Formation of xylulose-5-phosphate,2
R-HSA-5662702,Melanin biosynthesis,2
R-HSA-5663084,Diseases of carbohydrate metabolism,2
R-HSA-5668541,TNFR2 non-canonical NF-kB pathway,2
R-HSA-5684996,MAPK1/MAPK3 signaling,2
R-HSA-5687128,MAPK6/MAPK4 signaling,2
R-HSA-5687613,Diseases associated with surfactant metabolism,2
R-HSA-5688426,Deubiquitination,2
R-HSA-5693538,Homology Directed Repair,2
R-HSA-5693571,Nonhomologous End-Joining (NHEJ),2
R-HSA-5693606,DNA Double Strand Break Response,2
R-HSA-5696399,Global Genome Nucleotide Excision Repair (GG-NER),2
R-HSA-674695,RNA Polymerase II Pre-transcription Events,2
R-HSA-6781827,Transcription-Coupled Nucleotide Excision Repair (TC-NER),2
R-HSA-6782315,tRNA modification in the nucleus and cytosol,2
R-HSA-6784531,tRNA processing in the nucleus,2
R-HSA-6785470,tRNA processing in the mitochondrion,2
R-HSA-6787450,tRNA modification in the mitochondrion,2
R-HSA-6794361,Neurexins and neuroligins,2
R-HSA-6798163,Choline catabolism,2
R-HSA-6798695,Neutrophil degranulation,2
R-HSA-6802957,Oncogenic MAPK signaling,2
R-HSA-6803157,Antimicrobial peptides,2
R-HSA-6806667,Metabolism of fat-soluble vitamins,2
R-HSA-6806834,Signaling by MET,2
R-HSA-6807505,RNA polymerase II transcribes snRNA genes,2
R-HSA-6809371,Formation of the cornified envelope,2
R-HSA-6811442,Intra-Golgi and retrograde Golgi-to-ER traffic,2
R-HSA-68867,Assembly of the pre-replicative complex,2
R-HSA-68886,M Phase,2
R-HSA-68952,DNA replication initiation,2
R-HSA-68962,Activation of the pre-replicative complex,2
R-HSA-69052,Switching of origins to a post-replicative state,2
R-HSA-69190,DNA strand elongation,2
R-HSA-69242,S Phase,2
R-HSA-69481,G2/M Checkpoints,2
R-HSA-69615,G1/S DNA Damage Checkpoints,2
R-HSA-69618,Mitotic Spindle Checkpoint,2
R-HSA-70326,Glucose metabolism,2
R-HSA-70370,Galactose catabolism,2
R-HSA-70635,Urea cycle,2
R-HSA-70688,Proline catabolism,2
R-HSA-70895,Branched-chain amino acid catabolism,2
R-HSA-70921,Histidine catabolism,2
R-HSA-71064,Lysine catabolism,2
R-HSA-71240,Tryptophan catabolism,2
R-HSA-71262,Carnitine synthesis,2
R-HSA-71288,Creatine metabolism,2
R-HSA-71336,Pentose phosphate pathway,2
R-HSA-71406,Pyruvate metabolism and Citric Acid (TCA) cycle,2
R-HSA-72172,mRNA Splicing,2
R-HSA-72187,mRNA 3'-end processing,2
R-HSA-72200,mRNA Editing: C to U Conversion,2
R-HSA-72202,Transport of Mature Transcript to Cytoplasm,2
R-HSA-72613,Eukaryotic Translation Initiation,2
R-HSA-72764,Eukaryotic Translation Termination,2
R-HSA-73779,RNA Polymerase II Transcription Pre-Initiation And Promoter Opening,2
R-HSA-73780,RNA Polymerase III Chain Elongation,2
R-HSA-73854,RNA Polymerase I Promoter Clearance,2
R-HSA-73856,RNA Polymerase II Transcription Termination,2
R-HSA-73863,RNA Polymerase I Transcription Termination,2
R-HSA-73929,"Base-Excision Repair, AP Site Formation",2
R-HSA-73933,Resolution of Abasic Sites (AP sites),2
R-HSA-73943,Reversal of alkylation damage by DNA dioxygenases,2
R-HSA-73980,RNA Polymerase III Transcription Termination,2
R-HSA-74182,Ketone body metabolism,2
R-HSA-74752,Signaling by Insulin receptor,2
R-HSA-749476,RNA Polymerase III Abortive And Retractive Initiation,2
R-HSA-75064,mRNA Editing: A to I Conversion,2
R-HSA-75153,Apoptotic execution phase,2
R-HSA-75157,FasL/ CD95L signaling,2
R-HSA-75158,TRAIL  signaling,2
R-HSA-75893,TNF signaling,2
R-HSA-75955,RNA Polymerase II Transcription Elongation,2
R-HSA-76005,Response to elevated platelet cytosolic Ca2+,2
R-HSA-76009,Platelet Aggregation (Plug Formation),2
R-HSA-76042,RNA Polymerase II Transcription Initiation And Promoter Clearance,2
R-HSA-76046,RNA Polymerase III Transcription Initiation,2
R-HSA-77075,RNA Pol II CTD phosphorylation and interaction with CE,2
R-HSA-774815,Nucleosome assembly,2
R-HSA-77588,SLBP Dependent Processing of Replication-Dependent Histone Pre-mRNAs,2
R-HSA-77595,Processing of Intronless Pre-mRNAs,2
R-HSA-879415,Advanced glycosylation endproduct receptor signaling,2
R-HSA-8848021,Signaling by PTK6,2
R-HSA-8848584,Wax and plasmalogen biosynthesis,2
R-HSA-8849175,Threonine catabolism,2
R-HSA-8849932,Synaptic adhesion-like molecules,2
R-HSA-8851680,Butyrophilin (BTN) family interactions,2
R-HSA-8852135,Protein ubiquitination,2
R-HSA-8852405,Signaling by MST1,2
R-HSA-8853383,Lysosomal oligosaccharide catabolism,2
R-HSA-8856828,Clathrin-mediated endocytosis,2
R-HSA-8868766,rRNA processing in the mitochondrion,2
R-HSA-8868773,rRNA processing in the nucleus and cytosol,2
R-HSA-8873719,RAB geranylgeranylation,2
R-HSA-8876725,Protein methylation,2
R-HSA-8939211,ESR-mediated signaling,2
R-HSA-8949613,Cristae formation,2
R-HSA-8949664,Processing of SMDT1,2
R-HSA-8951664,Neddylation,2
R-HSA-8955332,Carboxyterminal post-translational modifications of tubulin,2
R-HSA-8956319,Nucleotide catabolism,2
R-HSA-8956320,Nucleotide biosynthesis,2
R-HSA-8956321,Nucleotide salvage,2
R-HSA-8957275,Post-translational protein phosphorylation,2
R-HSA-8957322,Metabolism of steroids,2
R-HSA-8963678,Intestinal lipid absorption,2
R-HSA-8963691,Phenylalanine and tyrosine metabolism,2
R-HSA-8963693,Aspartate and asparagine metabolism,2
R-HSA-8963898,Plasma lipoprotein assembly,2
R-HSA-8963899,Plasma lipoprotein remodeling,2
R-HSA-8964043,Plasma lipoprotein clearance,2
R-HSA-8964539,Glutamate and glutamine metabolism,2
R-HSA-8964540,Alanine metabolism,2
R-HSA-8964572,Lipid particle organization,2
R-HSA-8978868,Fatty acid metabolism,2
R-HSA-8978934,Metabolism of cofactors,2
R-HSA-8979227,Triglyceride metabolism,2
R-HSA-8981373,Intestinal hexose absorption,2
R-HSA-8982491,Glycogen metabolism,2
R-HSA-9007101,Rab regulation of trafficking,2
R-HSA-9012852,Signaling by NOTCH3,2
R-HSA-9013694,Signaling by NOTCH4,2
R-HSA-9018678,Biosynthesis of specialized proresolving mediators (SPMs),2
R-HSA-9024446,NR1H2 and NR1H3-mediated signaling,2
R-HSA-9027276,Erythropoietin activates Phosphoinositide-3-kinase (PI3K),2
R-HSA-9027277,Erythropoietin activates Phospholipase C gamma (PLCG),2
R-HSA-9027283,Erythropoietin activates STAT5,2
R-HSA-9027284,Erythropoietin activates RAS,2
R-HSA-9033500,TYSND1 cleaves peroxisomal proteins,2
R-HSA-9033658,Blood group systems biosynthesis,2
R-HSA-912446,Meiotic recombination,2
R-HSA-913531,Interferon Signaling,2
R-HSA-917729,Endosomal Sorting Complex Required For Transport (ESCRT),2
R-HSA-917977,Transferrin endocytosis and recycling,2
R-HSA-936837,Ion transport by P-type ATPases,2
R-HSA-9605308,Diseases of Base Excision Repair,2
R-HSA-9607240,FLT3 Signaling,2
R-HSA-9619665,EGR2 and SOX10-mediated initiation of Schwann cell myelination,2
R-HSA-9630747,Diseases of Cellular Senescence,2
R-HSA-9645460,Alpha-protein kinase 1 signaling pathway,2
R-HSA-9648895,Response of EIF2AK1 (HRI) to heme deficiency,2
R-HSA-9651496,Defects of contact activation system (CAS) and kallikrein/kinin system (KKS),2
R-HSA-9662360,Sensory processing of sound by inner hair cells of the cochlea,2
R-HSA-9662361,Sensory processing of sound by outer hair cells of the cochlea,2
R-HSA-9663891,Selective autophagy,2
R-HSA-9669938,Signaling by KIT in disease,2
R-HSA-9671555,Signaling by PDGFR in disease,2
R-HSA-9673013,Diseases of Telomere Maintenance,2
R-HSA-9674555,Signaling by CSF3 (G-CSF),2
R-HSA-9675136,Diseases of DNA Double-Strand Break Repair,2
R-HSA-9680350,Signaling by CSF1 (M-CSF) in myeloid cells,2
R-HSA-9682385,FLT3 signaling in disease,2
R-HSA-9687139,Aberrant regulation of mitotic cell cycle due to RB1 defects,2
R-HSA-9693928,Defective RIPK1-mediated regulated necrosis,2
R-HSA-9697154,Disorders of Nervous System Development,2
R-HSA-9700206,Signaling by ALK in cancer,2
R-HSA-9706019,RHOBTB3 ATPase cycle,2
R-HSA-9707616,Heme signaling,2
R-HSA-9708296,"tRNA-derived small RNA (tsRNA or tRNA-related fragment, tRF) biogenesis",2
R-HSA-9710421,Defective pyroptosis,2
R-HSA-9711097,Cellular response to starvation,2
R-HSA-9711123,Cellular response to chemical stress,2
R-HSA-9715370,Miro GTPase Cycle,2
R-HSA-9717207,"Sensory perception of sweet, bitter, and umami (glutamate) taste",2
R-HSA-9729555,Sensory perception of sour taste,2
R-HSA-9729902,Reversible DNA damage induced by alkylating chemotherapeutic drugs,2
R-HSA-9730628,Sensory perception of salty taste,2
R-HSA-9734009,Defective Intrinsic Pathway for Apoptosis,2
R-HSA-9735804,Diseases of nucleotide metabolism,2
R-HSA-9750126,Drug-induced formation of DNA interstrand crosslinks,2
R-HSA-9752946,Expression and translocation of olfactory receptors,2
R-HSA-9754189,Germ layer formation at gastrulation,2
R-HSA-975634,Retinoid metabolism and transport,2
R-HSA-9758919,Epithelial-Mesenchymal Transition (EMT) during gastrulation,2
R-HSA-9758920,Formation of lateral plate mesoderm,2
R-HSA-975956,Nonsense Mediated Decay (NMD) independent of the Exon Junction Complex (EJC),2
R-HSA-975957,Nonsense Mediated Decay (NMD) enhanced by the Exon Junction Complex (EJC),2
R-HSA-9759774,Diseases of mitochondrial beta oxidation,2
R-HSA-9761174,Formation of intermediate mesoderm,2
R-HSA-9772755,Formation of WDR5-containing histone-modifying complexes,2
R-HSA-977347,Serine biosynthesis,2
R-HSA-9793380,Formation of paraxial mesoderm,2
R-HSA-9796292,Formation of axial mesoderm,2
R-HSA-9819196,Zygotic genome activation (ZGA),2
R-HSA-9820841,M-decay: degradation of maternal mRNAs by maternally stored factors,2
R-HSA-9820865,Z-decay: degradation of maternal mRNAs by zygotically expressed factors,2
R-HSA-9821002,Chromatin modifications during the maternal to zygotic transition (MZT),2
R-HSA-9821993,Replacement of protamines by nucleosomes in the male pronucleus,2
R-HSA-9823730,Formation of definitive endoderm,2
R-HSA-9823739,Formation of the anterior neural plate,2
R-HSA-9824439,Bacterial Infection Pathways,2
R-HSA-9824443,Parasitic Infection Pathways,2
R-HSA-9824446,Viral Infection Pathways,2
R-HSA-982772,Growth hormone receptor signaling,2
R-HSA-983169,Class I MHC mediated antigen processing & presentation,2
R-HSA-983189,Kinesins,2
R-HSA-9832991,Formation of the posterior neural plate,2
R-HSA-983705,Signaling by the B Cell Receptor (BCR),2
R-HSA-9837092,FASTK family proteins regulate processing and stability of mitochondrial RNAs,2
R-HSA-110312,Translesion synthesis by REV1,3
R-HSA-110320,Translesion Synthesis by POLH,3
R-HSA-110357,Displacement of DNA glycosylase by APEX1,3
R-HSA-110373,Resolution of AP sites via the multiple-nucleotide patch replacement pathway,3
R-HSA-110381,Resolution of AP sites via the single-nucleotide replacement pathway,3
R-HSA-111452,Activation and oligomerization of BAK protein,3
R-HSA-111453,BH3-only proteins associate with and inactivate anti-apoptotic BCL-2 members,3
R-HSA-111465,Apoptotic cleavage of cellular proteins,3
R-HSA-111471,Apoptotic factor-mediated response,3
R-HSA-111997,CaM pathway,3
R-HSA-112122,ALKBH2 mediated reversal of alkylation damage,3
R-HSA-112126,ALKBH3 mediated reversal of alkylation damage,3
R-HSA-112382,Formation of RNA Pol II elongation complex ,3
R-HSA-112409,RAF-independent MAPK1/3 activation,3
R-HSA-113418,Formation of the Early Elongation Complex,3
R-HSA-114294,"Activation, translocation and oligomerization of BAX",3
R-HSA-114452,Activation of BH3-only proteins,3
R-HSA-114516,Disinhibition of SNARE formation,3
R-HSA-114608,Platelet degranulation ,3
R-HSA-1168372,Downstream signaling events of B Cell Receptor (BCR),3
R-HSA-1169410,Antiviral mechanism by IFN-stimulated genes,3
R-HSA-1234158,Regulation of gene expression by Hypoxia-inducible Factor,3
R-HSA-1234176,Oxygen-dependent proline hydroxylation of Hypoxia-inducible Factor Alpha,3
R-HSA-1236975,Antigen processing-Cross presentation,3
R-HSA-1237112,Methionine salvage pathway,3
R-HSA-1250196,SHC1 events in ERBB2 signaling,3
R-HSA-1250342,PI3K events in ERBB4 signaling,3
R-HSA-1250347,SHC1 events in ERBB4 signaling,3
R-HSA-1251932,PLCG1 events in ERBB2 signaling,3
R-HSA-1251985,Nuclear signaling by ERBB4,3
R-HSA-1253288,Downregulation of ERBB4 signaling,3
R-HSA-1266695,Interleukin-7 signaling,3
R-HSA-1296025,ATP sensitive Potassium channels,3
R-HSA-1296053,Classical Kir channels,3
R-HSA-1296059,G protein gated Potassium channels,3
R-HSA-1296067,Potassium transport channels,3
R-HSA-1299287,Tandem pore domain halothane-inhibited K+ channel (THIK),3
R-HSA-1299308,Tandem of pore domain in a weak inwardly rectifying K+ channels (TWIK),3
R-HSA-1299316,TWIK-releated acid-sensitive K+ channel (TASK),3
R-HSA-1299344,TWIK-related spinal cord K+ channel (TRESK),3
R-HSA-1299361,TWIK-related alkaline pH activated K+ channel (TALK),3
R-HSA-1299503,TWIK related potassium channel (TREK),3
R-HSA-1306955,GRB7 events in ERBB2 signaling,3
R-HSA-139853,Elevation of cytosolic Ca2+ levels,3
R-HSA-140179,Amine Oxidase reactions,3
R-HSA-140180,COX reactions,3
R-HSA-140342,Apoptosis induced DNA fragmentation,3
R-HSA-140534,Caspase activation via Death Receptors in the presence of ligand,3
R-HSA-141405,Inhibition of the proteolytic activity of APC/C required for the onset of anaphase by mitotic spindle checkpoint components,3
R-HSA-141424,Amplification of signal from the kinetochores,3
R-HSA-1433559,Regulation of KIT signaling,3
R-HSA-1461973,Defensins,3
R-HSA-1474151,"Tetrahydrobiopterin (BH4) synthesis, recycling, salvage and regulation",3
R-HSA-1483206,Glycerophospholipid biosynthesis,3
R-HSA-1483255,PI Metabolism,3
R-HSA-1538133,G0 and Early G1,3
R-HSA-156581,Methylation,3
R-HSA-156582,Acetylation,3
R-HSA-156584,Cytosolic sulfonation of small molecules,3
R-HSA-156587,Amino Acid conjugation,3
R-HSA-156588,Glucuronidation,3
R-HSA-156590,Glutathione conjugation,3
R-HSA-156827,L13a-mediated translational silencing of Ceruloplasmin expression,3
R-HSA-156902,Peptide chain elongation,3
R-HSA-159234,Transport of Mature mRNAs Derived from Intronless Transcripts,3
R-HSA-159236,Transport of Mature mRNA derived from an Intron-Containing Transcript,3
R-HSA-159854,"Gamma-carboxylation, transport, and amino-terminal cleavage of proteins",3
R-HSA-1606322,ZBP1(DAI) mediated induction of type I IFNs,3
R-HSA-1614558,Degradation of cysteine and homocysteine,3
R-HSA-1614603,Cysteine formation from homocysteine,3
R-HSA-162699,Synthesis of dolichyl-phosphate mannose,3
R-HSA-162710,Synthesis of glycosylphosphatidylinositol (GPI),3
R-HSA-162791,Attachment of GPI anchor to uPAR,3
R-HSA-162906,HIV Infection,3
R-HSA-163210,Formation of ATP by chemiosmotic coupling,3
R-HSA-163560,Triglyceride catabolism,3
R-HSA-1638074,Keratan sulfate/keratin metabolism,3
R-HSA-1638091,Heparan sulfate/heparin (HS-GAG) metabolism,3
R-HSA-164378,PKA activation in glucagon signalling,3
R-HSA-1655829,Regulation of cholesterol biosynthesis by SREBP (SREBF),3
R-HSA-166016,Toll Like Receptor 4 (TLR4) Cascade,3
R-HSA-1660661,Sphingolipid de novo biosynthesis,3
R-HSA-1660662,Glycosphingolipid metabolism,3
R-HSA-166187,Mitochondrial Uncoupling,3
R-HSA-1663150,The activation of arylsulfatases,3
R-HSA-166663,Initial triggering of complement,3
R-HSA-166665,Terminal pathway of complement,3
R-HSA-1679131,Trafficking and processing of endosomal TLR,3
R-HSA-168138,Toll Like Receptor 9 (TLR9) Cascade,3
R-HSA-168142,Toll Like Receptor 10 (TLR10) Cascade,3
R-HSA-168164,Toll Like Receptor 3 (TLR3) Cascade,3
R-HSA-168176,Toll Like Receptor 5 (TLR5) Cascade,3
R-HSA-168181,Toll Like Receptor 7/8 (TLR7/8) Cascade,3
R-HSA-168255,Influenza Infection,3
R-HSA-168638,NOD1/2 Signaling Pathway,3
R-HSA-171306,Packaging Of Telomere Ends,3
R-HSA-174143,APC/C-mediated degradation of cell cycle proteins,3
R-HSA-174362,Transport and synthesis of PAPS,3
R-HSA-174577,Activation of C3 and C5,3
R-HSA-176187,Activation of ATR in response to replication stress,3
R-HSA-176974,Unwinding of DNA,3
R-HSA-1793185,Chondroitin sulfate/dermatan sulfate metabolism,3
R-HSA-179812,GRB2 events in EGFR signaling,3
R-HSA-180292,GAB1 signalosome,3
R-HSA-180336,SHC1 events in EGFR signaling,3
R-HSA-180786,Extension of Telomeres,3
R-HSA-181429,Serotonin Neurotransmitter Release Cycle,3
R-HSA-181430,Norepinephrine Neurotransmitter Release Cycle,3
R-HSA-181431,Acetylcholine binding and downstream events,3
R-HSA-181438,Toll Like Receptor 2 (TLR2) Cascade,3
R-HSA-182971,EGFR downregulation,3
R-HSA-1834941,STING mediated induction of host immune responses,3
R-HSA-186763,Downstream signal transduction,3
R-HSA-187037,Signaling by NTRK1 (TRKA),3
R-HSA-190828,Gap junction trafficking,3
R-HSA-1912399,Pre-NOTCH Processing in the Endoplasmic Reticulum,3
R-HSA-1912408,Pre-NOTCH Transcription and Translation,3
R-HSA-1912420,Pre-NOTCH Processing in Golgi,3
R-HSA-191273,Cholesterol biosynthesis,3
R-HSA-191650,Regulation of gap junction activity,3
R-HSA-193639,p75NTR signals via NF-kB,3
R-HSA-193670,p75NTR negatively regulates cell cycle via SC1,3
R-HSA-193681,Ceramide signalling,3
R-HSA-193692,Regulated proteolysis of p75NTR,3
R-HSA-193697,p75NTR regulates axonogenesis,3
R-HSA-194068,Bile acid and bile salt metabolism,3
R-HSA-194306,Neurophilin interactions with VEGF and VEGFR,3
R-HSA-194313,VEGF ligand-receptor interactions,3
R-HSA-195258,RHO GTPase Effectors,3
R-HSA-196071,Metabolism of steroid hormones,3
R-HSA-196299,Beta-catenin phosphorylation cascade,3
R-HSA-1963640,GRB2 events in ERBB2 signaling,3
R-HSA-1963642,PI3K events in ERBB2 signaling,3
R-HSA-196741,"Cobalamin (Cbl, vitamin B12) transport and metabolism",3
R-HSA-196757,Metabolism of folate and pterines,3
R-HSA-196780,Biotin transport and metabolism,3
R-HSA-196791,Vitamin D (calciferol) metabolism,3
R-HSA-196807,Nicotinate metabolism,3
R-HSA-196819,Vitamin B1 (thiamin) metabolism,3
R-HSA-196836,Vitamin C (ascorbate) metabolism,3
R-HSA-196843,Vitamin B2 (riboflavin) metabolism,3
R-HSA-198323,AKT phosphorylates targets in the cytosol,3
R-HSA-198693,AKT phosphorylates targets in the nucleus,3
R-HSA-1989781,PPARA activates gene expression,3
R-HSA-199220,Vitamin B5 (pantothenate) metabolism,3
R-HSA-199418,Negative regulation of the PI3K/AKT network,3
R-HSA-200425,Carnitine metabolism,3
R-HSA-201688,WNT mediated activation of DVL,3
R-HSA-201722,Formation of the beta-catenin:TCF transactivating complex,3
R-HSA-202424,Downstream TCR signaling,3
R-HSA-202427,Phosphorylation of CD3 and TCR zeta chains,3
R-HSA-202430,Translocation of ZAP-70 to Immunological synapse,3
R-HSA-202433,Generation of second messenger molecules,3
R-HSA-2029481,FCGR activation,3
R-HSA-2029482,Regulation of actin dynamics for phagocytic cup formation,3
R-HSA-2029485,Role of phospholipids in phagocytosis,3
R-HSA-2032785,YAP1- and WWTR1 (TAZ)-stimulated gene expression,3
R-HSA-204005,COPII-mediated vesicle transport,3
R-HSA-2046104,alpha-linolenic (omega3) and linoleic (omega6) acid metabolism,3
R-HSA-204626,Hypusine synthesis from eIF5A-lysine,3
R-HSA-204998,"Cell death signalling via NRAGE, NRIF and NADE",3
R-HSA-205017,NFG and proNGF binds to p75NTR,3
R-HSA-209822,Glycoprotein hormones,3
R-HSA-209905,Catecholamine biosynthesis,3
R-HSA-209931,Serotonin and melatonin biosynthesis,3
R-HSA-209968,Thyroxine biosynthesis,3
R-HSA-210455,Astrocytic Glutamate-Glutamine Uptake And Metabolism,3
R-HSA-210500,Glutamate Neurotransmitter Release Cycle,3
R-HSA-211163,AKT-mediated inactivation of FOXO1A,3
R-HSA-211728,Regulation of PAK-2p34 activity by PS-GAP/RHG10,3
R-HSA-211733,Regulation of activated PAK-2p34 by proteasome mediated degradation,3
R-HSA-211736,Stimulation of the cell death response by PAK-2p34,3
R-HSA-211897,Cytochrome P450 - arranged by substrate type,3
R-HSA-2122947,NOTCH1 Intracellular Domain Regulates Transcription,3
R-HSA-2122948,Activated NOTCH1 Transmits Signal to the Nucleus,3
R-HSA-212676,Dopamine Neurotransmitter Release Cycle,3
R-HSA-212718,EGFR interacts with phospholipase C-gamma,3
R-HSA-2142700,Synthesis of Lipoxins (LX),3
R-HSA-2142753,Arachidonic acid metabolism,3
R-HSA-2142789,Ubiquinol biosynthesis,3
R-HSA-2142845,Hyaluronan metabolism,3
R-HSA-217271,FMO oxidises nucleophiles,3
R-HSA-2173789,TGF-beta receptor signaling activates SMADs,3
R-HSA-2173791,TGF-beta receptor signaling in EMT (epithelial to mesenchymal transition),3
R-HSA-2173793,Transcriptional activity of SMAD2/SMAD3:SMAD4 heterotrimer,3
R-HSA-2197563,NOTCH2 intracellular domain regulates transcription,3
R-HSA-2206281,Mucopolysaccharidoses,3
R-HSA-2214320,Anchoring fibril formation,3
R-HSA-2219530,Constitutive Signaling by Aberrant PI3K in Cancer,3
R-HSA-2243919,Crosslinking of collagen fibrils,3
R-HSA-2408499,Formation of selenosugars for excretion,3
R-HSA-2408508,"Metabolism of ingested SeMet, Sec, MeSec into H2Se",3
R-HSA-2408550,Metabolism of ingested H2SeO4 and H2SeO3 into H2Se,3
R-HSA-2408552,Methylation of MeSeH for excretion,3
R-HSA-2408557,Selenocysteine synthesis,3
R-HSA-2424491,DAP12 signaling,3
R-HSA-2428924,IGF1R signaling cascade,3
R-HSA-2453864,Retinoid cycle disease events,3
R-HSA-2466712,"Biosynthesis of A2E, implicated in retinal degradation",3
R-HSA-2468052,Establishment of Sister Chromatid Cohesion,3
R-HSA-2473224,Antagonism of Activin by Follistatin,3
R-HSA-2485179,Activation of the phototransduction cascade,3
R-HSA-2514859,"Inactivation, recovery and regulation of the phototransduction cascade",3
R-HSA-2555396,Mitotic Metaphase and Anaphase,3
R-HSA-2559580,Oxidative Stress Induced Senescence,3
R-HSA-2559582,Senescence-Associated Secretory Phenotype (SASP),3
R-HSA-2559585,Oncogene Induced Senescence,3
R-HSA-2559586,DNA Damage/Telomere Stress Induced Senescence,3
R-HSA-2644602,Signaling by NOTCH1 PEST Domain Mutants in Cancer,3
R-HSA-2644605,FBXW7 Mutants and NOTCH1 in Cancer,3
R-HSA-264642,Acetylcholine Neurotransmitter Release Cycle,3
R-HSA-2660825,Signaling by NOTCH1 t(7;9)(NOTCH1:M1580_K2555) Translocation Mutant,3
R-HSA-2682334,EPH-Ephrin signaling,3
R-HSA-2691230,Signaling by NOTCH1 HD Domain Mutants in Cancer,3
R-HSA-2730905,Role of LAT2/NTAL/LAB on calcium mobilization,3
R-HSA-2871796,FCERI mediated MAPK activation,3
R-HSA-2871809,FCERI mediated Ca+2 mobilization,3
R-HSA-2871837,FCERI mediated NF-kB activation,3
R-HSA-2894858,Signaling by NOTCH1 HD+PEST Domain Mutants in Cancer,3
R-HSA-2979096,NOTCH2 Activation and Transmission of Signal to the Nucleus,3
R-HSA-3108232,SUMO E3 ligases SUMOylate target proteins,3
R-HSA-3134963,DEx/H-box helicases activate type I IFN and inflammatory cytokines production ,3
R-HSA-3134973,LRR FLII-interacting protein 1 (LRRFIP1) activates type I IFN production,3
R-HSA-3134975,Regulation of innate immune responses to cytosolic DNA,3
R-HSA-3215018,Processing and activation of SUMO,3
R-HSA-3229121,Glycogen storage diseases,3
R-HSA-3295583,TRP channels,3
R-HSA-3296469,Defects in cobalamin (B12) metabolism,3
R-HSA-3299685,Detoxification of Reactive Oxygen Species,3
R-HSA-3304347,Loss of Function of SMAD4 in Cancer,3
R-HSA-3304349,Loss of Function of SMAD2/3 in Cancer,3
R-HSA-3322077,Glycogen synthesis,3
R-HSA-3323169,Defects in biotin (Btn) metabolism,3
R-HSA-3371453,Regulation of HSF1-mediated heat shock response,3
R-HSA-3371511,HSF1 activation,3
R-HSA-3371571,HSF1-dependent transactivation,3
R-HSA-350054,Notch-HLH transcription pathway,3
R-HSA-350562,Regulation of ornithine decarboxylase (ODC),3
R-HSA-351143,Agmatine biosynthesis,3
R-HSA-351200,Interconversion of polyamines,3
R-HSA-352230,Amino acid transport across the plasma membrane,3
R-HSA-3560782,Diseases associated with glycosaminoglycan metabolism,3
R-HSA-3560792,Defective SLC26A2 causes chondrodysplasias,3
R-HSA-3642278,Loss of Function of TGFBR2 in Cancer,3
R-HSA-3656534,Loss of Function of TGFBR1 in Cancer,3
R-HSA-3700989,Transcriptional Regulation by TP53,3
R-HSA-373076,Class A/1 (Rhodopsin-like receptors),3
R-HSA-373080,Class B/2 (Secretin family receptors),3
R-HSA-373752,Netrin-1 signaling,3
R-HSA-373755,Semaphorin interactions,3
R-HSA-373756,SDK interactions,3
R-HSA-373760,L1CAM interactions,3
R-HSA-375165,NCAM signaling for neurite out-growth,3
R-HSA-376176,Signaling by ROBO receptors,3
R-HSA-3769402,Deactivation of the beta-catenin transactivating complex,3
R-HSA-3772470,Negative regulation of TCF-dependent signaling by WNT ligand antagonists,3
R-HSA-3781860,Diseases associated with N-glycosylation of proteins,3
R-HSA-379401,Dopamine clearance from the synaptic cleft,3
R-HSA-379716,Cytosolic tRNA aminoacylation,3
R-HSA-379726,Mitochondrial tRNA aminoacylation,3
R-HSA-380615,Serotonin clearance from the synaptic cleft,3
R-HSA-381033,ATF6 (ATF6-alpha) activates chaperones,3
R-HSA-381042,PERK regulates gene expression,3
R-HSA-381070,IRE1alpha activates chaperones,3
R-HSA-381676,Glucagon-like Peptide-1 (GLP1) regulates insulin secretion,3
R-HSA-381771,"Synthesis, secretion, and inactivation of Glucagon-like Peptide-1 (GLP-1)",3
R-HSA-383280,Nuclear Receptor transcription pathway,3
R-HSA-389356,CD28 co-stimulation,3
R-HSA-389513,CTLA4 inhibitory signaling,3
R-HSA-389542,NADPH regeneration,3
R-HSA-389948,PD-1 signaling,3
R-HSA-389958,Cooperation of Prefoldin and TriC/CCT  in actin and tubulin folding,3
R-HSA-390471,Association of TriC/CCT with target proteins during biosynthesis,3
R-HSA-3906995,Diseases associated with O-glycosylation of proteins,3
R-HSA-390918,Peroxisomal lipid metabolism,3
R-HSA-392023,Adrenaline signalling through Alpha-2 adrenergic receptor,3
R-HSA-392170,ADP signalling through P2Y purinoceptor 12,3
R-HSA-397795,G-protein beta:gamma signalling,3
R-HSA-399721,"Glutamate binding, activation of AMPA receptors and synaptic plasticity",3
R-HSA-399997,Acetylcholine regulates insulin secretion,3
R-HSA-400042,"Adrenaline,noradrenaline inhibits insulin secretion",3
R-HSA-400451,Free fatty acids regulate insulin secretion,3
R-HSA-400511,"Synthesis, secretion, and inactivation of Glucose-dependent Insulinotropic Polypeptide (GIP)",3
R-HSA-4086398,Ca2+ pathway,3
R-HSA-4086400,PCP/CE pathway,3
R-HSA-416476,G alpha (q) signalling events,3
R-HSA-416482,G alpha (12/13) signalling events,3
R-HSA-418359,Reduction of cytosolic Ca++ levels,3
R-HSA-418457,cGMP effects,3
R-HSA-418555,G alpha (s) signalling events,3
R-HSA-418592,ADP signalling through P2Y purinoceptor 1,3
R-HSA-418594,G alpha (i) signalling events,3
R-HSA-418597,G alpha (z) signalling events,3
R-HSA-418889,Caspase activation via Dependence Receptors in the absence of ligand,3
R-HSA-418990,Adherens junctions interactions,3
R-HSA-420029,Tight junction interactions,3
R-HSA-420499,Class C/3 (Metabotropic glutamate/pheromone receptors),3
R-HSA-425381,Bicarbonate transporters,3
R-HSA-425410,Metal ion SLC transporters,3
R-HSA-425561,Sodium/Calcium exchangers,3
R-HSA-425986,Sodium/Proton exchangers,3
R-HSA-426048,Arachidonate production from DAG,3
R-HSA-426117,Cation-coupled Chloride cotransporters,3
R-HSA-427359,SIRT1 negatively regulates rRNA expression,3
R-HSA-427389,ERCC6 (CSB) and EHMT2 (G9a) positively regulate rRNA expression,3
R-HSA-427413,NoRC negatively regulates rRNA expression,3
R-HSA-427601,Multifunctional anion exchangers,3
R-HSA-427652,Sodium-coupled phosphate cotransporters,3
R-HSA-427975,Proton/oligopeptide cotransporters,3
R-HSA-428559,Proton-coupled neutral amino acid transporters,3
R-HSA-428643,Organic anion transporters,3
R-HSA-428930,Thromboxane signalling through TP receptor,3
R-HSA-429593,Inositol transporters,3
R-HSA-432720,Lysosome Vesicle Biogenesis,3
R-HSA-432722,Golgi Associated Vesicle Biogenesis,3
R-HSA-433137,"Sodium-coupled sulphate, di- and tri-carboxylate transporters",3
R-HSA-433692,Proton-coupled monocarboxylate transport,3
R-HSA-4420097,VEGFA-VEGFR2 Pathway,3
R-HSA-442660,Na+/Cl- dependent neurotransmitter transporters,3
R-HSA-442755,Activation of NMDA receptors and postsynaptic events,3
R-HSA-444411,Rhesus glycoproteins mediate ammonium transport.,3
R-HSA-446193,"Biosynthesis of the N-glycan precursor (dolichol lipid-linked oligosaccharide, LLO) and transfer to a nascent protein",3
R-HSA-446343,Localization of the PINCH-ILK-PARVIN complex to focal adhesions,3
R-HSA-446388,Regulation of cytoskeletal remodeling and cell spreading by IPP complex components,3
R-HSA-446652,Interleukin-1 family signaling,3
R-HSA-447115,Interleukin-12 family signaling,3
R-HSA-448424,Interleukin-17 signaling,3
R-HSA-449836,Other interleukin signaling,3
R-HSA-451326,Activation of kainate receptors upon glutamate binding,3
R-HSA-451927,Interleukin-2 family signaling,3
R-HSA-4641257,Degradation of AXIN,3
R-HSA-4641258,Degradation of DVL,3
R-HSA-4641262,Disassembly of the destruction complex and recruitment of AXIN to the membrane,3
R-HSA-4641263,Regulation of FZD by ubiquitination,3
R-HSA-4641265,Repression of WNT target genes,3
R-HSA-4839735,Signaling by AXIN mutants,3
R-HSA-4839743,Signaling by CTNNB1 phospho-site mutants,3
R-HSA-4839744,Signaling by APC mutants,3
R-HSA-4839748,Signaling by AMER1 mutants,3
R-HSA-500753,Pyrimidine biosynthesis,3
R-HSA-512988,"Interleukin-3, Interleukin-5 and GM-CSF signaling",3
R-HSA-5173214,O-glycosylation of TSR domain-containing proteins,3
R-HSA-5205647,Mitophagy,3
R-HSA-5250924,B-WICH complex positively regulates rRNA expression,3
R-HSA-5263617,Metabolism of ingested MeSeO2H into MeSeH,3
R-HSA-532668,N-glycan trimming in the ER and Calnexin/Calreticulin cycle,3
R-HSA-5339562,Uptake and actions of bacterial toxins,3
R-HSA-5339700,Signaling by TCF7L2 mutants,3
R-HSA-5339716,Signaling by GSK3beta mutants,3
R-HSA-5339717,Signaling by LRP5 mutants ,3
R-HSA-5340573,LGK974 inhibits PORCN,3
R-HSA-5340588,Signaling by RNF43 mutants,3
R-HSA-5357786,TNFR1-induced proapoptotic signaling,3
R-HSA-5357905,Regulation of TNFR1 signaling,3
R-HSA-5357956,TNFR1-induced NF-kappa-B signaling pathway,3
R-HSA-5358493,Synthesis of diphthamide-EEF2,3
R-HSA-5362768,Hh mutants are degraded by ERAD,3
R-HSA-5362798,Release of Hh-Np from the secreting cell,3
R-HSA-5365859,RA biosynthesis pathway,3
R-HSA-5368286,Mitochondrial translation initiation,3
R-HSA-5368598,Negative regulation of TCF-dependent signaling by DVL-interacting proteins,3
R-HSA-5389840,Mitochondrial translation elongation,3
R-HSA-5419276,Mitochondrial translation termination,3
R-HSA-549132,Organic cation/anion/zwitterion transport,3
R-HSA-5545483,Defective Mismatch Repair Associated With MLH1,3
R-HSA-5545619,XAV939 stabilizes AXIN,3
R-HSA-5578995,Defective TPMT causes TPMT deficiency,3
R-HSA-5578996,Defective CYP27A1 causes CTX,3
R-HSA-5578997,Defective AHCY causes HMAHCHD,3
R-HSA-5578998,Defective OPLAH causes OPLAHD,3
R-HSA-5578999,Defective GCLC causes HAGGSD,3
R-HSA-5579000,Defective CYP1B1 causes Glaucoma,3
R-HSA-5579002,Defective UGT1A1 causes hyperbilirubinemia,3
R-HSA-5579004,Defective CYP26C1 causes FFDD4,3
R-HSA-5579005,Defective CYP4F22 causes ARCI5,3
R-HSA-5579006,Defective GSS causes GSS deficiency,3
R-HSA-5579007,Defective ACY1 causes encephalopathy,3
R-HSA-5579009,Defective CYP11B2 causes CMO-1 deficiency,3
R-HSA-5579010,Defective CYP24A1 causes HCAI,3
R-HSA-5579011,Defective CYP2U1 causes SPG56,3
R-HSA-5579012,Defective MAOA causes BRUNS,3
R-HSA-5579013,Defective CYP7B1 causes SPG5A and CBAS3,3
R-HSA-5579014,Defective CYP27B1 causes VDDR1A,3
R-HSA-5579015,Defective CYP26B1 causes RHFCA,3
R-HSA-5579016,Defective UGT1A4 causes hyperbilirubinemia,3
R-HSA-5579017,Defective CYP11B1 causes AH4,3
R-HSA-5579019,Defective FMO3 causes TMAU,3
R-HSA-5579020,Defective SLC35D1 causes SCHBCKD,3
R-HSA-5579021,Defective CYP21A2 causes AH3,3
R-HSA-5579022,Defective GGT1 causes GLUTH,3
R-HSA-5579024,Defective MAT1A causes MATD,3
R-HSA-5579026,Defective CYP11A1 causes AICSR,3
R-HSA-5579027,Defective CYP27B1 causes VDDR1B,3
R-HSA-5579028,Defective CYP17A1 causes AH5,3
R-HSA-5579030,Defective CYP19A1 causes AEXS,3
R-HSA-5579032,Defective TBXAS1 causes GHDD,3
R-HSA-5602410,TLR3 deficiency - HSE,3
R-HSA-5602415,UNC93B1 deficiency - HSE,3
R-HSA-5602498,MyD88 deficiency (TLR2/4),3
R-HSA-5602566,TICAM1 deficiency - HSE,3
R-HSA-5602571,TRAF3 deficiency - HSE,3
R-HSA-5602636,IKBKB deficiency causes SCID,3
R-HSA-5602680,MyD88 deficiency (TLR5),3
R-HSA-5603027,IKBKG deficiency causes anhidrotic ectodermal dysplasia with immunodeficiency (EDA-ID) (via TLR),3
R-HSA-5603029,IkBA variant leads to EDA-ID,3
R-HSA-5603037,IRAK4 deficiency (TLR5),3
R-HSA-5603041,IRAK4 deficiency (TLR2/4),3
R-HSA-5607764,CLEC7A (Dectin-1) signaling,3
R-HSA-5609975,Diseases associated with glycosylation precursor biosynthesis,3
R-HSA-5610780,Degradation of GLI1 by the proteasome,3
R-HSA-5610783,Degradation of GLI2 by the proteasome,3
R-HSA-5610785,GLI3 is processed to GLI3R by the proteasome,3
R-HSA-5619035,Defective SLC17A5 causes Salla disease (SD) and ISSD,3
R-HSA-5619036,Defective SLC24A5 causes oculocutaneous albinism 6 (OCA6),3
R-HSA-5619037,Defective SLC35A1 causes congenital disorder of glycosylation 2F (CDG2F),3
R-HSA-5619039,"Defective SLC12A6 causes agenesis of the corpus callosum, with peripheral neuropathy (ACCPN)",3
R-HSA-5619040,Defective SLC34A1 causes hypophosphatemic nephrolithiasis/osteoporosis 1 (NPHLOP1),3
R-HSA-5619041,Defective SLC36A2 causes iminoglycinuria (IG) and hyperglycinuria (HG),3
R-HSA-5619042,Defective RHAG causes regulator type Rh-null hemolytic anemia (RHN),3
R-HSA-5619043,Defective SLC2A1 causes GLUT1 deficiency syndrome 1 (GLUT1DS1),3
R-HSA-5619044,Defective SLC6A19 causes Hartnup disorder (HND),3
R-HSA-5619045,Defective SLC34A2 causes pulmonary alveolar microlithiasis (PALM),3
R-HSA-5619046,Defective SLC26A4 causes Pendred syndrome (PDS),3
R-HSA-5619047,Defective SLC2A9 causes hypouricemia renal 2 (RHUC2),3
R-HSA-5619048,"Defective SLC11A2 causes hypochromic microcytic anemia, with iron overload 1 (AHMIO1)",3
R-HSA-5619049,Defective SLC40A1 causes hemochromatosis 4 (HFE4) (macrophages),3
R-HSA-5619050,"Defective SLC4A1 causes hereditary spherocytosis type 4 (HSP4),  distal renal tubular acidosis (dRTA) and dRTA with hemolytic anemia (dRTA-HA)",3
R-HSA-5619052,Defective SLC9A9 causes autism 16 (AUTS16),3
R-HSA-5619053,Defective SLC22A5 causes systemic primary carnitine deficiency (CDSP),3
R-HSA-5619054,"Defective SLC4A4 causes renal tubular acidosis, proximal, with ocular abnormalities and mental retardation (pRTA-OA)",3
R-HSA-5619055,Defective SLC24A4 causes hypomineralized amelogenesis imperfecta (AI),3
R-HSA-5619056,Defective HK1 causes hexokinase deficiency (HK deficiency),3
R-HSA-5619058,"Defective SLCO1B3 causes hyperbilirubinemia, Rotor type (HBLRR)",3
R-HSA-5619060,Defective CP causes aceruloplasminemia (ACERULOP),3
R-HSA-5619061,Defective SLC33A1 causes spastic paraplegia 42 (SPG42),3
R-HSA-5619062,Defective SLC1A3 causes episodic ataxia 6 (EA6),3
R-HSA-5619063,Defective SLC29A3 causes histiocytosis-lymphadenopathy plus syndrome (HLAS),3
R-HSA-5619066,Defective SLC22A18 causes lung cancer (LNCR) and embryonal rhabdomyosarcoma 1 (RMSE1),3
R-HSA-5619067,Defective SLC1A1 is implicated in schizophrenia 18 (SCZD18) and dicarboxylic aminoaciduria (DCBXA),3
R-HSA-5619068,Defective SLC2A10 causes arterial tortuosity syndrome (ATS),3
R-HSA-5619070,Defective SLC16A1 causes symptomatic deficiency in lactate transport (SDLT),3
R-HSA-5619071,Defective SLC22A12 causes renal hypouricemia 1 (RHUC1),3
R-HSA-5619072,Defective SLC35A2 causes congenital disorder of glycosylation 2M (CDG2M),3
R-HSA-5619073,Defective GCK causes maturity-onset diabetes of the young 2 (MODY2),3
R-HSA-5619076,Defective SLC17A8 causes autosomal dominant deafness 25 (DFNA25),3
R-HSA-5619077,Defective SLC24A1 causes congenital stationary night blindness 1D (CSNB1D),3
R-HSA-5619078,Defective SLC35C1 causes congenital disorder of glycosylation 2C (CDG2C),3
R-HSA-5619079,Defective SLC6A18 may confer susceptibility to iminoglycinuria and/or hyperglycinuria,3
R-HSA-5619081,Defective SLC6A3 causes Parkinsonism-dystonia infantile (PKDYS),3
R-HSA-5619083,"Defective SLC35A3 causes arthrogryposis, mental retardation, and seizures (AMRS)",3
R-HSA-5619085,Defective SLC26A3 causes congenital secretory chloride diarrhea 1 (DIAR1),3
R-HSA-5619087,Defective SLC12A3 causes Gitelman syndrome (GS),3
R-HSA-5619088,"Defective SLC39A4 causes acrodermatitis enteropathica, zinc-deficiency type (AEZ)",3
R-HSA-5619089,Defective SLC6A5 causes hyperekplexia 3 (HKPX3),3
R-HSA-5619092,"Defective SLC9A6 causes  X-linked, syndromic mental retardation,, Christianson type (MRXSCH)",3
R-HSA-5619094,Variant SLC6A14 may confer susceptibility towards obesity,3
R-HSA-5619095,"Defective SLCO2A1 causes primary, autosomal recessive hypertrophic osteoarthropathy 2 (PHOAR2)",3
R-HSA-5619096,Defective SLC5A5 causes thyroid dyshormonogenesis 1 (TDH1),3
R-HSA-5619097,Defective SLC34A3 causes Hereditary hypophosphatemic rickets with hypercalciuria (HHRH),3
R-HSA-5619098,Defective SLC2A2 causes Fanconi-Bickel syndrome (FBS),3
R-HSA-5619099,"Defective AVP does not bind AVPR1A,B and causes neurohypophyseal diabetes insipidus (NDI)",3
R-HSA-5619101,Variant SLC6A20 contributes towards hyperglycinuria (HG) and iminoglycinuria (IG),3
R-HSA-5619104,Defective SLC12A1 causes Bartter syndrome 1 (BS1),3
R-HSA-5619107,Defective TPR may confer susceptibility towards thyroid papillary carcinoma (TPC),3
R-HSA-5619108,Defective SLC27A4 causes ichthyosis prematurity syndrome (IPS),3
R-HSA-5619109,Defective SLC6A2 causes orthostatic intolerance (OI),3
R-HSA-5619110,"Defective SLCO1B1 causes hyperbilirubinemia, Rotor type (HBLRR)",3
R-HSA-5619111,Defective SLC20A2 causes idiopathic basal ganglia calcification 1 (IBGC1),3
R-HSA-5619113,Defective SLC3A1 causes cystinuria (CSNU),3
R-HSA-5619114,Defective SLC5A7 causes distal hereditary motor neuronopathy 7A (HMN7A),3
R-HSA-5620916,VxPx cargo-targeting to cilium,3
R-HSA-5620922,BBSome-mediated cargo-targeting to cilium,3
R-HSA-5621480,Dectin-2 family,3
R-HSA-5621575,CD209 (DC-SIGN) signaling,3
R-HSA-5624138,Trafficking of myristoylated proteins to the cilium,3
R-HSA-5624958,ARL13B-mediated ciliary trafficking of INPP5E,3
R-HSA-5626978,TNFR1-mediated ceramide production,3
R-HSA-5632681,Ligand-receptor interactions,3
R-HSA-5632927,Defective Mismatch Repair Associated With MSH3,3
R-HSA-5632928,Defective Mismatch Repair Associated With MSH2,3
R-HSA-5632968,Defective Mismatch Repair Associated With MSH6,3
R-HSA-5632987,Defective Mismatch Repair Associated With PMS2,3
R-HSA-5635838,Activation of SMO,3
R-HSA-5635851,GLI proteins bind promoters of Hh responsive genes to promote transcription,3
R-HSA-5637812,Signaling by EGFRvIII in Cancer,3
R-HSA-5637815,Signaling by Ligand-Responsive EGFR Variants in Cancer,3
R-HSA-5638302,Signaling by Overexpressed Wild-Type EGFR in Cancer,3
R-HSA-5649702,APEX1-Independent Resolution of AP Sites via the Single Nucleotide Replacement Pathway,3
R-HSA-5652227,Fructose biosynthesis,3
R-HSA-5654736,Signaling by FGFR1,3
R-HSA-5654738,Signaling by FGFR2,3
R-HSA-5654741,Signaling by FGFR3,3
R-HSA-5654743,Signaling by FGFR4,3
R-HSA-5655253,Signaling by FGFR2 in disease,3
R-HSA-5655291,Signaling by FGFR4 in disease,3
R-HSA-5655302,Signaling by FGFR1 in disease,3
R-HSA-5655332,Signaling by FGFR3 in disease,3
R-HSA-5655799,Defective SLC40A1 causes hemochromatosis 4 (HFE4) (duodenum),3
R-HSA-5655862,Translesion synthesis by POLK,3
R-HSA-5656121,Translesion synthesis by POLI,3
R-HSA-5656169,Termination of translesion DNA synthesis,3
R-HSA-5656364,Defective SLC5A1 causes congenital glucose/galactose malabsorption (GGM),3
R-HSA-5657560,Hereditary fructose intolerance,3
R-HSA-5657562,Essential fructosuria,3
R-HSA-5658034,HHAT G278V doesn't palmitoylate Hh-Np,3
R-HSA-5658208,Defective SLC5A2 causes renal glucosuria (GLYS1),3
R-HSA-5658471,Defective SLC5A7 causes distal hereditary motor neuronopathy 7A (HMN7A),3
R-HSA-5659729,Defective SLC6A18 may confer susceptibility to iminoglycinuria and/or hyperglycinuria,3
R-HSA-5659735,Defective SLC6A19 causes Hartnup disorder (HND),3
R-HSA-5659898,Intestinal saccharidase deficiencies,3
R-HSA-5660686,Variant SLC6A20 contributes towards hyperglycinuria (HG) and iminoglycinuria (IG),3
R-HSA-5660724,Defective SLC6A3 causes Parkinsonism-dystonia infantile (PKDYS),3
R-HSA-5660862,Defective SLC7A7 causes lysinuric protein intolerance (LPI),3
R-HSA-5660883,Defective SLC7A9 causes cystinuria (CSNU),3
R-HSA-5662853,Essential pentosuria,3
R-HSA-5663020,Defective SLC35A1 causes congenital disorder of glycosylation 2F (CDG2F),3
R-HSA-5669034,TNFs bind their physiological receptors,3
R-HSA-5673001,RAF/MAP kinase cascade,3
R-HSA-5674400,Constitutive Signaling by AKT1 E17K in Cancer,3
R-HSA-5674404,PTEN Loss of Function in Cancer,3
R-HSA-5675482,Regulation of necroptotic cell death,3
R-HSA-5676590,NIK-->noncanonical NF-kB signaling,3
R-HSA-5676594,TNF receptor superfamily (TNFSF) members mediating non-canonical NF-kB pathway,3
R-HSA-5678420,"Defective ABCC9 causes CMD10, ATFB12 and Cantu syndrome",3
R-HSA-5678520,Defective ABCB11 causes PFIC2 and BRIC2,3
R-HSA-5678771,"Defective ABCB4 causes PFIC3, ICP3 and GBD1",3
R-HSA-5678895,Defective CFTR causes cystic fibrosis,3
R-HSA-5679001,Defective ABCC2 causes DJS,3
R-HSA-5679090,Defective ABCG8 causes GBD4 and sitosterolemia,3
R-HSA-5679096,Defective ABCG5 causes sitosterolemia,3
R-HSA-5682113,Defective ABCA1 causes TGD,3
R-HSA-5682294,Defective ABCA12 causes ARCI4B,3
R-HSA-5683177,Defective ABCC8 can cause hypo- and hyper-glycemias,3
R-HSA-5683329,Defective ABCD4 causes MAHCJ,3
R-HSA-5683371,Defective ABCB6 causes MCOPCB7,3
R-HSA-5683678,Defective ABCA3 causes SMDP3,3
R-HSA-5684045,Defective ABCD1 causes ALD,3
R-HSA-5685939,HDR through MMEJ (alt-NHEJ),3
R-HSA-5686938,Regulation of TLR by endogenous ligand,3
R-HSA-5687583,Defective SLC34A2 causes PALM,3
R-HSA-5687868,Defective SFTPA2 causes IPF,3
R-HSA-5688031,Defective pro-SFTPB causes SMDP1 and RDS,3
R-HSA-5688354,Defective pro-SFTPC causes SMDP2 and RDS,3
R-HSA-5688399,Defective ABCA3 causes SMDP3,3
R-HSA-5688849,Defective CSF2RB causes SMDP5,3
R-HSA-5688890,Defective CSF2RA causes SMDP4,3
R-HSA-5689603,UCH proteinases,3
R-HSA-5689877,Josephin domain DUBs,3
R-HSA-5689880,Ub-specific processing proteases,3
R-HSA-5689896,Ovarian tumor domain proteases,3
R-HSA-5689901,Metalloprotease DUBs,3
R-HSA-5690338,Defective ABCC6 causes PXE,3
R-HSA-5690714,CD22 mediated BCR regulation,3
R-HSA-5693548,Sensing of DNA Double Strand Breaks,3
R-HSA-5693565,Recruitment and ATM-mediated phosphorylation of repair and signaling proteins at DNA double strand breaks,3
R-HSA-5693567,HDR through Homologous Recombination (HRR) or Single Strand Annealing (SSA),3
R-HSA-5694530,Cargo concentration in the ER,3
R-HSA-5696394,DNA Damage Recognition in GG-NER,3
R-HSA-5696395,Formation of Incision Complex in GG-NER,3
R-HSA-5696397,Gap-filling DNA repair synthesis and ligation in GG-NER,3
R-HSA-5696400,Dual Incision in GG-NER,3
R-HSA-606279,Deposition of new CENPA-containing nucleosomes at the centromere,3
R-HSA-611105,Respiratory electron transport,3
R-HSA-622312,Inflammasomes,3
R-HSA-6781823,Formation of TC-NER Pre-Incision Complex,3
R-HSA-6782135,Dual incision in TC-NER,3
R-HSA-6782210,Gap-filling DNA repair synthesis and ligation in TC-NER,3
R-HSA-6782861,Synthesis of wybutosine at G37 of tRNA(Phe),3
R-HSA-6783589,Interleukin-6 family signaling,3
R-HSA-6783783,Interleukin-10 signaling,3
R-HSA-6783984,Glycine degradation,3
R-HSA-6785631,ERBB2 Regulates Cell Motility,3
R-HSA-6785807,Interleukin-4 and Interleukin-13 signaling,3
R-HSA-6790901,rRNA modification in the nucleus and cytosol,3
R-HSA-6791226,Major pathway of rRNA processing in the nucleolus and cytosol,3
R-HSA-6791465,Pentose phosphate pathway disease,3
R-HSA-6793080,rRNA modification in the mitochondrion,3
R-HSA-6799990,Metal sequestration by antimicrobial proteins,3
R-HSA-6802946,Signaling by moderate kinase activity BRAF mutants,3
R-HSA-6802948,Signaling by high-kinase activity BRAF mutants,3
R-HSA-6802949,Signaling by RAS mutants,3
R-HSA-6802952,Signaling by BRAF and RAF1 fusions,3
R-HSA-6802953,RAS signaling downstream of NF1 loss-of-function variants,3
R-HSA-6802955,Paradoxical activation of RAF signaling by kinase inactive BRAF,3
R-HSA-6803544,Ion influx/efflux at host-pathogen interface,3
R-HSA-6806664,Metabolism of vitamin K,3
R-HSA-6806942,MET Receptor Activation,3
R-HSA-6807004,Negative regulation of MET activity,3
R-HSA-6807070,PTEN Regulation,3
R-HSA-6807878,COPI-mediated anterograde transport,3
R-HSA-6809583,Retinoid metabolism disease events,3
R-HSA-6811438,Intra-Golgi traffic,3
R-HSA-6811440,Retrograde transport at the Trans-Golgi-Network,3
R-HSA-6814122,Cooperation of PDCL (PhLP1) and TRiC/CCT in G-protein beta folding,3
R-HSA-68616,Assembly of the ORC complex at the origin of replication,3
R-HSA-68689,CDC6 association with the ORC:origin complex,3
R-HSA-68875,Mitotic Prophase,3
R-HSA-68877,Mitotic Prometaphase,3
R-HSA-68884,Mitotic Telophase/Cytokinesis,3
R-HSA-68911,G2 Phase,3
R-HSA-68949,Orc1 removal from chromatin,3
R-HSA-69017,CDK-mediated phosphorylation and removal of Cdc6,3
R-HSA-69109,Leading Strand Synthesis,3
R-HSA-69186,Lagging Strand Synthesis,3
R-HSA-69206,G1/S Transition,3
R-HSA-69236,G1 Phase,3
R-HSA-69275,G2/M Transition,3
R-HSA-69473,G2/M DNA damage checkpoint,3
R-HSA-69478,G2/M DNA replication checkpoint,3
R-HSA-69580,p53-Dependent G1/S DNA damage checkpoint,3
R-HSA-69613,p53-Independent G1/S DNA damage checkpoint,3
R-HSA-69656,Cyclin A:Cdk2-associated events at S phase entry,3
R-HSA-70171,Glycolysis,3
R-HSA-70221,Glycogen breakdown (glycogenolysis),3
R-HSA-70263,Gluconeogenesis,3
R-HSA-70268,Pyruvate metabolism,3
R-HSA-70350,Fructose catabolism,3
R-HSA-71384,Ethanol oxidation,3
R-HSA-71403,Citric acid cycle (TCA cycle),3
R-HSA-72163,mRNA Splicing - Major Pathway,3
R-HSA-72165,mRNA Splicing - Minor Pathway,3
R-HSA-72737,Cap-dependent Translation Initiation,3
R-HSA-727802,Transport of nucleotide sugars,3
R-HSA-73614,Pyrimidine salvage,3
R-HSA-73621,Pyrimidine catabolism,3
R-HSA-73728,RNA Polymerase I Promoter Opening,3
R-HSA-73762,RNA Polymerase I Transcription Initiation,3
R-HSA-73772,RNA Polymerase I Promoter Escape,3
R-HSA-73776,RNA Polymerase II Promoter Escape,3
R-HSA-73817,Purine ribonucleoside monophosphate biosynthesis,3
R-HSA-73843,5-Phosphoribose 1-diphosphate biosynthesis,3
R-HSA-73927,Depurination,3
R-HSA-73928,Depyrimidination,3
R-HSA-74217,Purine salvage,3
R-HSA-74259,Purine catabolism,3
R-HSA-74751,Insulin receptor signalling cascade,3
R-HSA-75094,Formation of the Editosome,3
R-HSA-75102,C6 deamination of adenosine,3
R-HSA-75105,Fatty acyl-CoA biosynthesis,3
R-HSA-75108,"Activation, myristolyation of BID and translocation to mitochondria",3
R-HSA-75109,Triglyceride biosynthesis,3
R-HSA-75815,Ubiquitin-dependent degradation of Cyclin D,3
R-HSA-75896,Plasmalogen biosynthesis,3
R-HSA-75953,RNA Polymerase II Transcription Initiation,3
R-HSA-76061,RNA Polymerase III Transcription Initiation From Type 1 Promoter,3
R-HSA-76066,RNA Polymerase III Transcription Initiation From Type 2 Promoter,3
R-HSA-76071,RNA Polymerase III Transcription Initiation From Type 3 Promoter,3
R-HSA-77042,Formation of editosomes by ADAR proteins,3
R-HSA-77108,Utilization of Ketone Bodies,3
R-HSA-77111,Synthesis of Ketone Bodies,3
R-HSA-77289,Mitochondrial Fatty Acid Beta-Oxidation,3
R-HSA-77387,Insulin receptor recycling,3
R-HSA-804914,Transport of fatty acids,3
R-HSA-83936,Transport of nucleosides and free purine and pyrimidine bases across the plasma membrane,3
R-HSA-877300,Interferon gamma signaling,3
R-HSA-879518,Transport of organic anions,3
R-HSA-880009,Interconversion of 2-oxoglutarate and 2-hydroxyglutarate,3
R-HSA-8847993,ERBB2 Activates PTK6 Signaling,3
R-HSA-8849468,PTK6 Regulates Proteins Involved in RNA Processing,3
R-HSA-8849469,PTK6 Regulates RTKs and Their Effectors AKT1 and DOK1,3
R-HSA-8849470,PTK6 Regulates Cell Cycle,3
R-HSA-8849471,"PTK6 Regulates RHO GTPases, RAS GTPase and MAP kinases",3
R-HSA-8849472,PTK6 Down-Regulation,3
R-HSA-8849473,PTK6 Expression,3
R-HSA-8849474,PTK6 Activates STAT3,3
R-HSA-8850843,Phosphate bond hydrolysis by NTPDase proteins,3
R-HSA-8851805,MET activates RAS signaling,3
R-HSA-8851907,MET activates PI3K/AKT signaling,3
R-HSA-8853659,RET signaling,3
R-HSA-8853884,Transcriptional Regulation by VENTX,3
R-HSA-8854214,TBC/RABGAPs,3
R-HSA-8854691,Interleukin-20 family signaling,3
R-HSA-8856688,Golgi-to-ER retrograde transport,3
R-HSA-8856825,Cargo recognition for clathrin-mediated endocytosis,3
R-HSA-8857538,PTK6 promotes HIF1A stabilization,3
R-HSA-8863678,Neurodegenerative Diseases,3
R-HSA-8863795,Downregulation of ERBB2 signaling,3
R-HSA-8864260,Transcriptional regulation by the AP-2 (TFAP2) family of transcription factors,3
R-HSA-8865999,MET activates PTPN11,3
R-HSA-8866376,Reelin signalling pathway,3
R-HSA-8866423,VLDL assembly,3
R-HSA-8866427,VLDLR internalisation and degradation,3
R-HSA-8866652,Synthesis of active ubiquitin: roles of E1 and E2 enzymes,3
R-HSA-8866654,E3 ubiquitin ligases ubiquitinate target proteins,3
R-HSA-8874177,ATF6B (ATF6-beta) activates chaperones,3
R-HSA-8874211,CREB3 factors activate genes,3
R-HSA-8875656,MET receptor recycling,3
R-HSA-8875791,MET activates STAT3,3
R-HSA-8875878,MET promotes cell motility,3
R-HSA-8876198,RAB GEFs exchange GTP for GDP on RABs,3
R-HSA-8876384,Listeria monocytogenes entry into host cells,3
R-HSA-8877627,Vitamin E,3
R-HSA-8878159,Transcriptional regulation by RUNX3,3
R-HSA-8878166,Transcriptional regulation by RUNX2,3
R-HSA-8878171,Transcriptional regulation by RUNX1,3
R-HSA-888590,"GABA synthesis, release, reuptake and degradation",3
R-HSA-8937144,Aryl hydrocarbon receptor signalling,3
R-HSA-8941413,Events associated with phagocytolytic activity of PMN cells,3
R-HSA-8948216,Collagen chain trimerization,3
R-HSA-8953750,Transcriptional Regulation by E2F6,3
R-HSA-8963684,Tyrosine catabolism,3
R-HSA-8963888,Chylomicron assembly,3
R-HSA-8963889,Assembly of active LPL and LIPC lipase complexes,3
R-HSA-8963896,HDL assembly,3
R-HSA-8963901,Chylomicron remodeling,3
R-HSA-8964011,HDL clearance,3
R-HSA-8964026,Chylomicron clearance,3
R-HSA-8964038,LDL clearance,3
R-HSA-8964041,LDL remodeling,3
R-HSA-8964046,VLDL clearance,3
R-HSA-8964058,HDL remodeling,3
R-HSA-8964208,Phenylalanine metabolism,3
R-HSA-8986944,Transcriptional Regulation by MECP2,3
R-HSA-9005895,Pervasive developmental disorders,3
R-HSA-9006115,Signaling by NTRK2 (TRKB),3
R-HSA-9006821,Alternative Lengthening of Telomeres (ALT),3
R-HSA-9009391,Extra-nuclear estrogen signaling,3
R-HSA-9012999,RHO GTPase cycle,3
R-HSA-9013419,RHOT2 GTPase cycle,3
R-HSA-9013425,RHOT1 GTPase cycle,3
R-HSA-9013507,NOTCH3 Activation and Transmission of Signal to the Nucleus,3
R-HSA-9013508,NOTCH3 Intracellular Domain Regulates Transcription,3
R-HSA-9013695,NOTCH4 Intracellular Domain Regulates Transcription,3
R-HSA-9013700,NOTCH4 Activation and Transmission of Signal to the Nucleus,3
R-HSA-9018519,Estrogen-dependent gene expression,3
R-HSA-9018677,Biosynthesis of DHA-derived SPMs,3
R-HSA-9018679,Biosynthesis of EPA-derived SPMs,3
R-HSA-9018683,Biosynthesis of DPA-derived SPMs,3
R-HSA-9027604,Biosynthesis of electrophilic ω-3 PUFA oxo-derivatives,3
R-HSA-9029558,NR1H2 & NR1H3 regulate gene expression linked to lipogenesis,3
R-HSA-9029569,NR1H3 & NR1H2 regulate gene expression linked to cholesterol transport and efflux,3
R-HSA-9031525,NR1H2 & NR1H3 regulate gene expression to limit cholesterol uptake ,3
R-HSA-9031528,NR1H2 & NR1H3 regulate gene expression linked to triglyceride lipolysis in adipose,3
R-HSA-9033807,ABO blood group biosynthesis,3
R-HSA-9034015,Signaling by NTRK3 (TRKC),3
R-HSA-9035968,Defective GGT1 in aflatoxin detoxification causes GLUTH,3
R-HSA-9036092,Defective AVP does not bind AVPR2 and causes neurohypophyseal diabetes insipidus (NDI),3
R-HSA-9036866,Expression and Processing of Neurotrophins,3
R-HSA-9037628,Rhesus blood group biosynthesis,3
R-HSA-9037629,Lewis blood group biosynthesis,3
R-HSA-909733,Interferon alpha/beta signaling,3
R-HSA-913709,O-linked glycosylation of mucins,3
R-HSA-918233,TRAF3-dependent IRF activation pathway,3
R-HSA-933541,TRAF6 mediated IRF7 activation,3
R-HSA-933542,TRAF6 mediated NF-kB activation,3
R-HSA-933543,NF-kB activation through FADD/RIP-1 pathway mediated by caspase-8 and -10,3
R-HSA-936440,Negative regulators of DDX58/IFIH1 signaling,3
R-HSA-947581,Molybdenum cofactor biosynthesis,3
R-HSA-948021,Transport to the Golgi and subsequent modification,3
R-HSA-9604323,Negative regulation of NOTCH4 signaling,3
R-HSA-9605310,Defective Base Excision Repair Associated with MUTYH,3
R-HSA-9609646,HCMV Infection,3
R-HSA-9613354,Lipophagy,3
R-HSA-9614085,FOXO-mediated transcription,3
R-HSA-9616333,Defective Base Excision Repair Associated with NTHL1,3
R-HSA-9616334,Defective Base Excision Repair Associated with NEIL1,3
R-HSA-9623433,NR1H2 & NR1H3 regulate gene expression to control bile acid homeostasis,3
R-HSA-9629232,Defective Base Excision Repair Associated with NEIL3,3
R-HSA-9629569,Protein hydroxylation,3
R-HSA-9630750,Evasion of Oncogene Induced Senescence Due to p16INK4A Defects,3
R-HSA-9632693,Evasion of Oxidative Stress Induced Senescence Due to p16INK4A Defects,3
R-HSA-9632974,NR1H2 & NR1H3 regulate gene expression linked to gluconeogenesis ,3
R-HSA-9633012,Response of EIF2AK4 (GCN2) to amino acid deficiency,3
R-HSA-9634285,Constitutive Signaling by Overexpressed ERBB2,3
R-HSA-9634815,Transcriptional Regulation by NPAS4,3
R-HSA-9635486,Infection with Mycobacterium tuberculosis,3
R-HSA-9636003,NEIL3-mediated resolution of ICLs,3
R-HSA-9639288,Amino acids regulate mTORC1,3
R-HSA-9640463,Wax biosynthesis,3
R-HSA-9645135,STAT5 Activation,3
R-HSA-9645722,Defective Intrinsic Pathway for Apoptosis Due to p14ARF Loss of Function,3
R-HSA-9646303,Evasion of Oncogene Induced Senescence Due to p14ARF Defects,3
R-HSA-9646304,Evasion of Oxidative Stress Induced Senescence Due to p14ARF Defects,3
R-HSA-9646399,Aggrephagy,3
R-HSA-964975,Vitamin B6 activation to pyridoxal phosphate,3
R-HSA-9652169,Signaling by MAP2K mutants,3
R-HSA-9652282,Drug-mediated inhibition of ERBB2 signaling,3
R-HSA-9652817,Signaling by MAPK mutants,3
R-HSA-9656223,Signaling by RAF1 mutants,3
R-HSA-9656249,Defective Base Excision Repair Associated with OGG1,3
R-HSA-9657688,Defective factor XII causes hereditary angioedema,3
R-HSA-9657689,Defective SERPING1 causes hereditary angioedema,3
R-HSA-9658195,Leishmania infection,3
R-HSA-9659787,Aberrant regulation of mitotic G1/S transition in cancer due to RB1 defects,3
R-HSA-9660537,Signaling by MRAS-complex mutants,3
R-HSA-9662001,Defective factor VIII causes hemophilia A,3
R-HSA-9663199,Defective DNA double strand break response due to BRCA1 loss of function,3
R-HSA-9664565,Signaling by ERBB2 KD Mutants,3
R-HSA-9664873,Pexophagy,3
R-HSA-9665230,Drug resistance in ERBB2 KD mutants,3
R-HSA-9665348,Signaling by ERBB2 ECD mutants,3
R-HSA-9665686,Signaling by ERBB2 TMD/JMD mutants,3
R-HSA-9665737,Drug resistance in ERBB2 TMD/JMD mutants,3
R-HSA-9667769,Acetylcholine inhibits contraction of outer hair cells,3
R-HSA-9668250,Defective factor IX causes hemophilia B,3
R-HSA-9669921,KIT mutants bind TKIs,3
R-HSA-9669933,Signaling by kinase domain mutants of KIT,3
R-HSA-9669935,Signaling by juxtamembrane domain KIT mutants,3
R-HSA-9669937,Drug resistance of KIT mutants,3
R-HSA-9670095,Inhibition of DNA recombination at telomere,3
R-HSA-9670439,"Signaling by phosphorylated juxtamembrane, extracellular and kinase domain KIT mutants",3
R-HSA-9672383,Defective factor IX causes thrombophilia,3
R-HSA-9673766,Signaling by cytosolic PDGFRA and PDGFRB fusion proteins,3
R-HSA-9673767,"Signaling by PDGFRA transmembrane, juxtamembrane and kinase domain mutants",3
R-HSA-9673768,Signaling by membrane-tethered fusions of PDGFRA or PDGFRB,3
R-HSA-9673770,Signaling by PDGFRA extracellular domain mutants,3
R-HSA-9674415,Drug resistance of PDGFR mutants,3
R-HSA-9674428,PDGFR mutants bind TKIs,3
R-HSA-9679506,SARS-CoV Infections,3
R-HSA-9680187,Signaling by extracellular domain mutants of KIT,3
R-HSA-9686347,Microbial modulation of RIPK1-mediated regulated necrosis,3
R-HSA-9687136,Aberrant regulation of mitotic exit in cancer due to RB1 defects,3
R-HSA-9699150,Defective DNA double strand break response due to BARD1 loss of function,3
R-HSA-9700645,ALK mutants bind TKIs,3
R-HSA-9700649,Drug resistance of ALK mutants,3
R-HSA-9701190,Defective homologous recombination repair (HRR) due to BRCA2 loss of function,3
R-HSA-9701192,Defective homologous recombination repair (HRR) due to BRCA1 loss of function,3
R-HSA-9701193,Defective homologous recombination repair (HRR) due to PALB2 loss of function,3
R-HSA-9701898,STAT3 nuclear events downstream of ALK signaling,3
R-HSA-9702506,Drug resistance of FLT3 mutants,3
R-HSA-9702509,FLT3 mutants bind TKIs,3
R-HSA-9703465,Signaling by FLT3 fusion proteins,3
R-HSA-9703648,Signaling by FLT3 ITD and TKD mutants,3
R-HSA-9705462,Inactivation of CSF3 (G-CSF) signaling,3
R-HSA-9706369,Negative regulation of FLT3,3
R-HSA-9706374,FLT3 signaling through SRC family kinases,3
R-HSA-9706377,FLT3 signaling by CBL mutants,3
R-HSA-9707564,Cytoprotection by HMOX1,3
R-HSA-9723907,Loss of Function of TP53 in Cancer,3
R-HSA-9725370,Signaling by ALK fusions and activated point mutants,3
R-HSA-9730737,Alkylating DNA damage induced by chemotherapeutic drugs,3
R-HSA-9734207,Nucleotide salvage defects,3
R-HSA-9735786,Nucleotide catabolism defects,3
R-HSA-9755511,KEAP1-NFE2L2 pathway,3
R-HSA-9759785,Diseases of propionyl-CoA catabolism,3
R-HSA-977443,GABA receptor activation,3
R-HSA-977606,Regulation of Complement cascade,3
R-HSA-9824272,Somitogenesis,3
R-HSA-983168,Antigen processing: Ubiquitination & Proteasome degradation,3
R-HSA-983170,"Antigen Presentation: Folding, assembly and peptide loading of class I MHC",3
R-HSA-983695,Antigen activates B Cell Receptor (BCR) leading to generation of second messengers,3
R-HSA-1059683,Interleukin-6 signaling,4
R-HSA-110056,MAPK3 (ERK1) activation,4
R-HSA-110328,Recognition and association of DNA glycosylase with site containing an affected pyrimidine,4
R-HSA-110329,Cleavage of the damaged pyrimidine ,4
R-HSA-110330,Recognition and association of DNA glycosylase with site containing an affected purine,4
R-HSA-110331,Cleavage of the damaged purine,4
R-HSA-110362,POLB-Dependent Long Patch Base Excision Repair,4
R-HSA-111446,Activation of BIM and translocation to mitochondria ,4
R-HSA-111447,Activation of BAD and translocation to mitochondria ,4
R-HSA-111448,Activation of NOXA and translocation to mitochondria,4
R-HSA-111457,Release of apoptotic factors from the mitochondria,4
R-HSA-111461,Cytochrome c-mediated apoptotic response,4
R-HSA-111469,"SMAC, XIAP-regulated apoptotic response",4
R-HSA-111885,Opioid Signalling,4
R-HSA-111933,Calmodulin induced events,4
R-HSA-112399,IRS-mediated signalling,4
R-HSA-112411,MAPK1 (ERK2) activation,4
R-HSA-113510,E2F mediated regulation of DNA replication,4
R-HSA-1169091,Activation of NF-kappaB in B cells,4
R-HSA-1169092,Activation of RAS in B cells,4
R-HSA-1169408,ISG15 antiviral mechanism,4
R-HSA-1222499,Latent infection - Other responses of Mtb to phagocytosis,4
R-HSA-1236382,Constitutive Signaling by Ligand-Responsive EGFR Cancer Variants,4
R-HSA-1236973,Cross-presentation of particulate exogenous antigens (phagosomes),4
R-HSA-1236974,ER-Phagosome pathway,4
R-HSA-1236977,Endosomal/Vacuolar pathway,4
R-HSA-1236978,Cross-presentation of soluble exogenous antigens (endosomes),4
R-HSA-1296041,Activation of G protein gated Potassium channels,4
R-HSA-1358803,Downregulation of ERBB2:ERBB3 signaling,4
R-HSA-1362277,Transcription of E2F targets under negative control by DREAM complex,4
R-HSA-1362300,Transcription of E2F targets under negative control by p107 (RBL1) and p130 (RBL2) in complex with HDAC1,4
R-HSA-139910,Activation of BMF and translocation to mitochondria,4
R-HSA-139915,Activation of PUMA and translocation to mitochondria,4
R-HSA-141333,Biogenic amines are oxidatively deaminated to aldehydes by MAOA and MAOB,4
R-HSA-141334,PAOs oxidise polyamines to amines,4
R-HSA-141430,Inactivation of APC/C via direct inhibition of the APC/C complex,4
R-HSA-141444,Amplification  of signal from unattached  kinetochores via a MAD2  inhibitory signal,4
R-HSA-1461957,Beta defensins,4
R-HSA-1462054,Alpha-defensins,4
R-HSA-1482788,Acyl chain remodelling of PC,4
R-HSA-1482798,Acyl chain remodeling of CL,4
R-HSA-1482801,Acyl chain remodelling of PS,4
R-HSA-1482839,Acyl chain remodelling of PE,4
R-HSA-1482883,Acyl chain remodeling of DAG and TAG,4
R-HSA-1482922,Acyl chain remodelling of PI,4
R-HSA-1482925,Acyl chain remodelling of PG,4
R-HSA-1483076,Synthesis of CL,4
R-HSA-1483101,Synthesis of PS,4
R-HSA-1483115,Hydrolysis of LPC,4
R-HSA-1483148,Synthesis of PG,4
R-HSA-1483152,Hydrolysis of LPE,4
R-HSA-1483166,Synthesis of PA,4
R-HSA-1483171,Synthesis of BMP,4
R-HSA-1483191,Synthesis of PC,4
R-HSA-1483196,PI and PC transport between ER and Golgi membranes,4
R-HSA-1483213,Synthesis of PE,4
R-HSA-1483226,Synthesis of PI,4
R-HSA-1483248,Synthesis of PIPs at the ER membrane,4
R-HSA-156711,Polo-like kinase mediated events,4
R-HSA-159227,Transport of the SLBP independent Mature mRNA,4
R-HSA-159230,Transport of the SLBP Dependant Mature mRNA,4
R-HSA-159231,Transport of Mature mRNA Derived from an Intronless Transcript,4
R-HSA-159418,Recycling of bile acids and salts,4
R-HSA-159424,Conjugation of carboxylic acids,4
R-HSA-159740,Gamma-carboxylation of protein precursors,4
R-HSA-159763,Transport of gamma-carboxylated protein precursors from the endoplasmic reticulum to the Golgi apparatus,4
R-HSA-159782,Removal of aminoterminal propeptides from gamma-carboxylated proteins,4
R-HSA-1606341,IRF3 mediated activation of type 1 IFN,4
R-HSA-1614517,Sulfide oxidation to sulfate,4
R-HSA-162587,HIV Life Cycle,4
R-HSA-162658,Golgi Cisternae Pericentriolar Stack Reorganization,4
R-HSA-162909,Host Interactions of HIV factors,4
R-HSA-166020,Transfer of LPS from LBP carrier to CD14,4
R-HSA-1660499,Synthesis of PIPs at the plasma membrane,4
R-HSA-1660502,PIPs transport between early and late endosome membranes,4
R-HSA-1660508,PIPs transport between late endosome and Golgi membranes,4
R-HSA-1660510,PIPs transport between Golgi and plasma membranes,4
R-HSA-1660514,Synthesis of PIPs at the Golgi membrane,4
R-HSA-1660516,Synthesis of PIPs at the early endosome membrane,4
R-HSA-1660517,Synthesis of PIPs at the late endosome membrane,4
R-HSA-1660524,PIPs transport between plasma and early endosome membranes,4
R-HSA-1660537,PIPs transport between early endosome and Golgi membranes,4
R-HSA-166058,MyD88:MAL(TIRAP) cascade initiated on plasma membrane,4
R-HSA-166166,MyD88-independent TLR4 cascade ,4
R-HSA-166786,Creation of C4 and C2 activators,4
R-HSA-167021,PLC-gamma1 signalling,4
R-HSA-167060,NGF processing,4
R-HSA-167826,The fatty acid cycling model,4
R-HSA-167827,The proton buffering model,4
R-HSA-168179,Toll Like Receptor TLR1:TLR2 Cascade,4
R-HSA-168188,Toll Like Receptor TLR6:TLR2 Cascade,4
R-HSA-168268,Virus Assembly and Release,4
R-HSA-168270,Fusion and Uncoating of the Influenza Virion,4
R-HSA-168271,Transport of Ribonucleoproteins into the Host Nucleus,4
R-HSA-168273,Influenza Viral RNA Transcription and Replication,4
R-HSA-168274,Export of Viral Ribonucleoproteins from Nucleus,4
R-HSA-168275,Entry of Influenza Virion into Host Cell via Endocytosis,4
R-HSA-168276,NS1 Mediated Effects on Host Pathways,4
R-HSA-168277,Influenza Virus Induced Apoptosis,4
R-HSA-168799,Neurotoxicity of clostridium toxins,4
R-HSA-168927,"TICAM1, RIP1-mediated IKK complex recruitment",4
R-HSA-170822,Regulation of Glucokinase by Glucokinase Regulatory Protein,4
R-HSA-171319,Telomere Extension By Telomerase,4
R-HSA-173599,"Formation of the active cofactor, UDP-glucuronate",4
R-HSA-173736,Alternative complement activation,4
R-HSA-174084,Autodegradation of Cdh1 by Cdh1:APC/C,4
R-HSA-174178,APC/C:Cdh1 mediated degradation of Cdc20 and other APC/C:Cdh1 targeted proteins in late mitosis/early G1,4
R-HSA-174403,Glutathione synthesis and recycling,4
R-HSA-174417,Telomere C-strand (Lagging Strand) Synthesis,4
R-HSA-176407,Conversion from APC/C:Cdc20 to APC/C:Cdh1 in late anaphase,4
R-HSA-176408,Regulation of APC/C activators between G1/S and early anaphase,4
R-HSA-176814,Activation of APC/C and APC/C:Cdc20 mediated degradation of mitotic proteins,4
R-HSA-177504,Retrograde neurotrophin signalling,4
R-HSA-1810476,RIP-mediated NFkB activation via ZBP1,4
R-HSA-1839124,FGFR1 mutant receptor activation,4
R-HSA-1839126,FGFR2 mutant receptor activation,4
R-HSA-1839128,FGFR4 mutant receptor activation,4
R-HSA-187015,Activation of TRKA receptors,4
R-HSA-187577,SCF(Skp2)-mediated degradation of p27/p21,4
R-HSA-187687,Signalling to ERKs,4
R-HSA-190239,FGFR3 ligand binding and activation,4
R-HSA-190241,FGFR2 ligand binding and activation,4
R-HSA-190242,FGFR1 ligand binding and activation,4
R-HSA-190322,FGFR4 ligand binding and activation,4
R-HSA-190861,Gap junction assembly,4
R-HSA-190873,Gap junction degradation,4
R-HSA-192105,Synthesis of bile acids and bile salts,4
R-HSA-193048,Androgen biosynthesis,4
R-HSA-193144,Estrogen biosynthesis,4
R-HSA-193634,Axonal growth inhibition (RHOA activation),4
R-HSA-193648,NRAGE signals death through JNK,4
R-HSA-193993,Mineralocorticoid biosynthesis,4
R-HSA-194002,Glucocorticoid biosynthesis,4
R-HSA-195399,VEGF binds to VEGFR leading to receptor dimerization,4
R-HSA-196108,Pregnenolone biosynthesis,4
R-HSA-196783,Coenzyme A biosynthesis,4
R-HSA-1971475,A tetrasaccharide linker sequence is required for GAG synthesis,4
R-HSA-197264,Nicotinamide salvaging,4
R-HSA-198203,PI3K/AKT activation,4
R-HSA-198725,Nuclear Events (kinase and transcription factor activation),4
R-HSA-198745,Signalling to STAT3,4
R-HSA-198765,Signalling to ERK5,4
R-HSA-2022854,Keratan sulfate biosynthesis,4
R-HSA-2022857,Keratan sulfate degradation,4
R-HSA-2022870,Chondroitin sulfate biosynthesis,4
R-HSA-2022923,Dermatan sulfate biosynthesis,4
R-HSA-2022928,HS-GAG biosynthesis,4
R-HSA-2024096,HS-GAG degradation,4
R-HSA-2024101,CS/DS degradation,4
R-HSA-2025928,Calcineurin activates NFAT,4
R-HSA-2033514,FGFR3 mutant receptor activation,4
R-HSA-204174,Regulation of pyruvate dehydrogenase (PDH) complex,4
R-HSA-2046105,Linoleic acid (LA) metabolism,4
R-HSA-2046106,alpha-linolenic acid (ALA) metabolism,4
R-HSA-205025,NADE modulates death signalling,4
R-HSA-205043,NRIF signals cell death from the nucleus,4
R-HSA-209543,p75NTR recruits signalling complexes,4
R-HSA-209560,NF-kB is activated and signals survival,4
R-HSA-209563,Axonal growth stimulation,4
R-HSA-211916,Vitamins,4
R-HSA-211935,Fatty acids,4
R-HSA-211958,Miscellaneous substrates,4
R-HSA-211976,Endogenous sterols,4
R-HSA-211979,Eicosanoids,4
R-HSA-211981,Xenobiotics,4
R-HSA-2142670,Synthesis of epoxy (EET) and dihydroxyeicosatrienoic acids (DHET),4
R-HSA-2142688,Synthesis of 5-eicosatetraenoic acids,4
R-HSA-2142691,Synthesis of Leukotrienes (LT) and Eoxins (EX),4
R-HSA-2142696,Synthesis of Hepoxilins (HX) and Trioxilins (TrX),4
R-HSA-2142712,Synthesis of 12-eicosatetraenoic acid derivatives,4
R-HSA-2142770,Synthesis of 15-eicosatetraenoic acid derivatives,4
R-HSA-2142816,Synthesis of (16-20)-hydroxyeicosatetraenoic acids (HETE),4
R-HSA-2142850,Hyaluronan biosynthesis and export,4
R-HSA-2160916,Hyaluronan uptake and degradation,4
R-HSA-2162123,Synthesis of Prostaglandins (PG) and Thromboxanes (TX),4
R-HSA-2173788,Downregulation of TGF-beta receptor signaling,4
R-HSA-2173795,Downregulation of SMAD2/3:SMAD4 transcriptional activity,4
R-HSA-2173796,SMAD2/SMAD3:SMAD4 heterotrimer regulates transcription,4
R-HSA-2206280,MPS IX - Natowicz syndrome,4
R-HSA-2206282,MPS IIIB - Sanfilippo syndrome B,4
R-HSA-2206285,MPS VI - Maroteaux-Lamy syndrome,4
R-HSA-2206290,MPS IV - Morquio syndrome A,4
R-HSA-2206291,MPS IIIC - Sanfilippo syndrome C,4
R-HSA-2206292,MPS VII - Sly syndrome,4
R-HSA-2206296,MPS II - Hunter syndrome,4
R-HSA-2206302,MPS I - Hurler syndrome,4
R-HSA-2206305,MPS IIID - Sanfilippo syndrome D,4
R-HSA-2206307,MPS IIIA - Sanfilippo syndrome A,4
R-HSA-2206308,MPS IV - Morquio syndrome B,4
R-HSA-2299718,Condensation of Prophase Chromosomes,4
R-HSA-2393930,Phosphate bond hydrolysis by NUDT proteins,4
R-HSA-2426168,Activation of gene expression by SREBF (SREBP),4
R-HSA-2428928,IRS-related events triggered by IGF1R,4
R-HSA-2428933,SHC-related events triggered by IGF1R,4
R-HSA-2465910,MASTL Facilitates Mitotic Progression,4
R-HSA-2470946,Cohesin Loading onto Chromatin,4
R-HSA-2500257,Resolution of Sister Chromatid Cohesion,4
R-HSA-2514853,Condensation of Prometaphase Chromosomes,4
R-HSA-2559584,Formation of Senescence-Associated Heterochromatin Foci (SAHF),4
R-HSA-2565942,Regulation of PLK1 Activity at G2/M Transition,4
R-HSA-2644606,Constitutive Signaling by NOTCH1 PEST Domain Mutants,4
R-HSA-2644607,Loss of Function of FBXW7 in Cancer and NOTCH1 Signaling,4
R-HSA-264870,Caspase-mediated cleavage of cytoskeletal proteins,4
R-HSA-2660826,Constitutive Signaling by NOTCH1 t(7;9)(NOTCH1:M1580_K2555) Translocation Mutant,4
R-HSA-2691232,Constitutive Signaling by NOTCH1 HD Domain Mutants,4
R-HSA-2894862,Constitutive Signaling by NOTCH1 HD+PEST Domain Mutants,4
R-HSA-2980766,Nuclear Envelope Breakdown,4
R-HSA-3065676,SUMO is conjugated to E1 (UBA2:SAE1),4
R-HSA-3065678,"SUMO is transferred from E1 to E2 (UBE2I, UBC9)",4
R-HSA-3065679,SUMO is proteolytically processed,4
R-HSA-3108214,SUMOylation of DNA damage response and repair proteins,4
R-HSA-3229133,Glycogen storage disease type Ib (SLC37A4),4
R-HSA-3232118,SUMOylation of transcription factors,4
R-HSA-3232142,SUMOylation of ubiquitinylation proteins,4
R-HSA-3248023,Regulation by TREX1,4
R-HSA-3249367,STAT6-mediated induction of chemokines,4
R-HSA-3270619,IRF3-mediated induction of type I IFN,4
R-HSA-3274531,Glycogen storage disease type Ia (G6PC),4
R-HSA-3282872,Severe congenital neutropenia type 4 (G6PC3),4
R-HSA-3296197,Hydroxycarboxylic acid-binding receptors,4
R-HSA-3304356,SMAD2/3 Phosphorylation Motif Mutants in Cancer,4
R-HSA-3311021,SMAD4 MH2 Domain Mutants in Cancer,4
R-HSA-3315487,SMAD2/3 MH2 Domain Mutants in Cancer,4
R-HSA-3359454,Defective TCN2 causes TCN2 deficiency,4
R-HSA-3359457,Defective CBLIF causes IFD,4
R-HSA-3359462,Defective AMN causes MGA1,4
R-HSA-3359463,Defective CUBN causes MGA1,4
R-HSA-3359467,Defective MTRR causes HMAE,4
R-HSA-3359469,Defective MTR causes HMAG,4
R-HSA-3359471,"Defective MMAB causes MMA, cblB type",4
R-HSA-3359473,Defective MMADHC causes MMAHCD,4
R-HSA-3359474,Defective MMACHC causes MAHCC,4
R-HSA-3359475,"Defective MMAA causes MMA, cblA type",4
R-HSA-3359478,Defective MUT causes MMAM,4
R-HSA-3359485,Defective CD320 causes MMATC,4
R-HSA-3371378,Regulation by c-FLIP,4
R-HSA-3371568,Attenuation phase,4
R-HSA-3371598,Defective BTD causes biotidinase deficiency,4
R-HSA-3371599,Defective HLCS causes multiple carboxylase deficiency,4
R-HSA-350864,Regulation of thyroid hormone activity,4
R-HSA-351906,Apoptotic cleavage of cell adhesion  proteins,4
R-HSA-352238,Breakdown of the nuclear lamina,4
R-HSA-3560783,"Defective B4GALT7 causes EDS, progeroid type",4
R-HSA-3560796,Defective PAPSS2 causes SEMD-PA,4
R-HSA-3560801,Defective B3GAT3 causes JDSSDHD,4
R-HSA-3595172,Defective CHST3 causes SEDCJD,4
R-HSA-3595174,"Defective CHST14 causes EDS, musculocontractural type",4
R-HSA-3595177,Defective CHSY1 causes TPBS,4
R-HSA-3642279,TGFBR2 MSI Frameshift Mutants in Cancer,4
R-HSA-3645790,TGFBR2 Kinase Domain Mutants in Cancer,4
R-HSA-3656225,Defective CHST6 causes MCDC1,4
R-HSA-3656234,Defective HEXA causes GM2G1,4
R-HSA-3656237,Defective EXT2 causes exostoses 2,4
R-HSA-3656243,Defective ST3GAL3 causes MCT12 and EIEE15,4
R-HSA-3656244,Defective B4GALT1 causes B4GALT1-CDG (CDG-2d),4
R-HSA-3656248,Defective HEXB causes GM2G2,4
R-HSA-3656253,"Defective EXT1 causes exostoses 1, TRPS2 and CHDS",4
R-HSA-3656532,TGFBR1 KD Mutants in Cancer,4
R-HSA-3656535,TGFBR1 LBD Mutants in Cancer,4
R-HSA-375276,Peptide ligand-binding receptors,4
R-HSA-375280,Amine ligand-binding receptors,4
R-HSA-375281,Hormone ligand-binding receptors,4
R-HSA-376172,DSCAM interactions,4
R-HSA-3785653,Myoclonic epilepsy of Lafora,4
R-HSA-379397,Enzymatic degradation of dopamine by COMT,4
R-HSA-379398,Enzymatic degradation of Dopamine by monoamine oxidase,4
R-HSA-380287,Centrosome maturation,4
R-HSA-380320,Recruitment of NuMA to mitotic centrosomes,4
R-HSA-380612,Metabolism of serotonin,4
R-HSA-380994,ATF4 activates genes in response to endoplasmic reticulum  stress,4
R-HSA-381038,XBP1(S) activates chaperone genes,4
R-HSA-381183,ATF6 (ATF6-alpha) activates chaperone genes,4
R-HSA-3814836,Glycogen storage disease type XV (GYG1),4
R-HSA-3828062,Glycogen storage disease type 0 (muscle GYS1),4
R-HSA-3858516,Glycogen storage disease type 0 (liver GYS2),4
R-HSA-3878781,Glycogen storage disease type IV (GBE1),4
R-HSA-389357,CD28 dependent PI3K/Akt signaling,4
R-HSA-389359,CD28 dependent Vav1 pathway,4
R-HSA-389599,Alpha-oxidation of phytanate,4
R-HSA-389887,Beta-oxidation of pristanoyl-CoA,4
R-HSA-3899300,SUMOylation of transcription cofactors,4
R-HSA-389957,Prefoldin mediated transfer of substrate  to CCT/TriC,4
R-HSA-389960,Formation of tubulin folding intermediates by CCT/TriC,4
R-HSA-390247,Beta-oxidation of very long chain fatty acids,4
R-HSA-390450,Folding of actin by CCT/TriC,4
R-HSA-391903,Eicosanoid ligand-binding receptors,4
R-HSA-392451,G beta:gamma signalling through PI3Kgamma,4
R-HSA-3928662,EPHB-mediated forward signaling,4
R-HSA-3928663,EPHA-mediated growth cone collapse,4
R-HSA-3928664,Ephrin signaling,4
R-HSA-3928665,EPH-ephrin mediated repulsion of cells,4
R-HSA-399710,Activation of AMPA receptors,4
R-HSA-399719,Trafficking of AMPA receptors,4
R-HSA-399954,Sema3A PAK dependent Axon repulsion,4
R-HSA-399955,SEMA3A-Plexin repulsion signaling by inhibiting Integrin adhesion,4
R-HSA-399956,CRMPs in Sema3A signaling,4
R-HSA-400685,Sema4D in semaphorin signaling,4
R-HSA-4043911,Defective PMM2 causes PMM2-CDG,4
R-HSA-4043916,Defective MPI causes MPI-CDG,4
R-HSA-4085011,"Defective GNE causes sialuria, NK and IBM2",4
R-HSA-4085023,Defective GFPT1 causes CMSTA1,4
R-HSA-4085377,SUMOylation of SUMOylation proteins,4
R-HSA-4090294,SUMOylation of intracellular receptors,4
R-HSA-416700,Other semaphorin interactions,4
R-HSA-418038,Nucleotide-like (purinergic) receptors,4
R-HSA-418217,G beta:gamma signalling through PLC beta,4
R-HSA-418885,DCC mediated attractive signaling,4
R-HSA-418886,Netrin mediated repulsion signals,4
R-HSA-418890,Role of second messengers in netrin-1 signaling,4
R-HSA-419037,NCAM1 interactions,4
R-HSA-419408,Lysosphingolipid and LPA receptors,4
R-HSA-419771,Opsins,4
R-HSA-419812,Calcitonin-like ligand receptors,4
R-HSA-420092,Glucagon-type ligand receptors,4
R-HSA-420597,Nectin/Necl  trans heterodimerization,4
R-HSA-427589,Type II Na+/Pi cotransporters,4
R-HSA-428540,Activation of RAC1,4
R-HSA-428542,Regulation of commissural axon pathfinding by SLIT and ROBO,4
R-HSA-428543,Inactivation of CDC42 and RAC1,4
R-HSA-428890,Role of ABL in ROBO-SLIT signaling,4
R-HSA-4341670,Defective NEU1 causes sialidosis,4
R-HSA-434313,Intracellular metabolism of fatty acids regulates insulin secretion,4
R-HSA-434316,Fatty Acids bound to GPR40 (FFAR1) regulate insulin secretion,4
R-HSA-435354,Zinc transporters,4
R-HSA-437239,Recycling pathway of L1,4
R-HSA-438064,Post NMDA receptor activation events,4
R-HSA-438066,"Unblocking of NMDA receptors, glutamate binding and activation",4
R-HSA-4411364,Binding of TCF/LEF:CTNNB1 to target gene promoters,4
R-HSA-4420332,Defective B3GALT6 causes EDSP2 and SEMDJL1,4
R-HSA-444209,Free fatty acid receptors,4
R-HSA-445095,Interaction between L1 and Ankyrins,4
R-HSA-445144,Signal transduction by L1,4
R-HSA-445989,TAK1-dependent IKK and NF-kappa-B activation  ,4
R-HSA-446219,Synthesis of substrates in N-glycan biosythesis,4
R-HSA-447038,NrCAM interactions,4
R-HSA-447041,CHL1 interactions,4
R-HSA-447043,Neurofascin interactions,4
R-HSA-448706,Interleukin-1 processing,4
R-HSA-450294,MAP kinase activation,4
R-HSA-451306,Ionotropic activity of kainate receptors,4
R-HSA-4549349,Defective ALG2 causes CDG-1i,4
R-HSA-4549356,"Defective DPAGT1 causes CDG-1j, CMSTA2",4
R-HSA-4549380,Defective ALG1 causes CDG-1k,4
R-HSA-4551295,Defective ALG11 causes CDG-1p,4
R-HSA-4551638,SUMOylation of chromatin organization proteins,4
R-HSA-4570464,SUMOylation of RNA binding proteins,4
R-HSA-4570571,Defective RFT1 causes CDG-1n,4
R-HSA-4608870,Asymmetric localization of PCP proteins,4
R-HSA-4615885,SUMOylation of DNA replication proteins,4
R-HSA-4655427,SUMOylation of DNA methylation proteins,4
R-HSA-4687000,Defective MPDU1 causes CDG-1f,4
R-HSA-4717374,Defective DPM1 causes DPM1-CDG,4
R-HSA-4719360,Defective DPM3 causes DPM3-CDG,4
R-HSA-4719377,Defective DPM2 causes DPM2-CDG,4
R-HSA-4720454,Defective ALG9 causes CDG-1l,4
R-HSA-4720475,Defective ALG3 causes CDG-1d,4
R-HSA-4720489,Defective ALG12 causes CDG-1g,4
R-HSA-4724289,Defective ALG6 causes CDG-1c,4
R-HSA-4724325,Defective ALG8 causes CDG-1h,4
R-HSA-4755510,SUMOylation of immune response proteins,4
R-HSA-4755579,"Defective SRD5A3 causes SRD5A3-CDG, KHRZ",4
R-HSA-4755583,Defective DOLK causes DOLK-CDG,4
R-HSA-4755609,Defective DHDDS causes RP59,4
R-HSA-4793950,Defective MAN1B1 causes MRT15,4
R-HSA-4793952,Defective MGAT2 causes CDG-2a,4
R-HSA-4793953,Defective B4GALT1 causes CDG-2d,4
R-HSA-4793954,Defective MOGS causes CDG-2b,4
R-HSA-500657,Presynaptic function of Kainate receptors,4
R-HSA-5083625,Defective GALNT3 causes HFTC,4
R-HSA-5083627,Defective LARGE causes MDDGA6 and MDDGB6,4
R-HSA-5083628,"Defective POMGNT1 causes MDDGA3, MDDGB3 and MDDGC3",4
R-HSA-5083629,"Defective POMT2 causes MDDGA2, MDDGB2 and MDDGC2",4
R-HSA-5083630,Defective LFNG causes SCDO3,4
R-HSA-5083632,Defective C1GALT1C1 causes TNPS,4
R-HSA-5083633,"Defective POMT1 causes MDDGA1, MDDGB1 and MDDGC1",4
R-HSA-5083635,Defective B3GALTL causes PpS,4
R-HSA-5083636,Defective GALNT12 causes CRCS1,4
R-HSA-5099900,WNT5A-dependent internalization of FZD4,4
R-HSA-5140745,"WNT5A-dependent internalization of FZD2, FZD5 and ROR2",4
R-HSA-5205685,PINK1-PRKN Mediated Mitophagy,4
R-HSA-5210891,Uptake and function of anthrax toxins,4
R-HSA-5218900,CASP8 activity is inhibited,4
R-HSA-5218920,VEGFR2 mediated vascular permeability,4
R-HSA-5218921,VEGFR2 mediated cell proliferation,4
R-HSA-5336415,Uptake and function of diphtheria toxin,4
R-HSA-5357609,Glycogen storage disease type II (GAA),4
R-HSA-5358747,CTNNB1 S33 mutants aren't phosphorylated,4
R-HSA-5358749,CTNNB1 S37 mutants aren't phosphorylated,4
R-HSA-5358751,CTNNB1 S45 mutants aren't phosphorylated,4
R-HSA-5358752,CTNNB1 T41 mutants aren't phosphorylated,4
R-HSA-5467333,APC truncation mutants are not K63 polyubiquitinated,4
R-HSA-5467337,APC truncation mutants have impaired AXIN binding,4
R-HSA-5467340,AXIN missense mutants destabilize the destruction complex,4
R-HSA-5467343,Deletions in the AMER1 gene destabilize the destruction complex,4
R-HSA-5467345,Deletions in the AXIN1 gene destabilize the destruction complex,4
R-HSA-5467348,Truncations of AMER1 destabilize the destruction complex,4
R-HSA-549127,Organic cation transport,4
R-HSA-5607761,Dectin-1 mediated noncanonical NF-kB signaling,4
R-HSA-5607763,CLEC7A (Dectin-1) induces NFAT activation,4
R-HSA-5609974,Defective PGM1 causes PGM1-CDG,4
R-HSA-5609976,Defective GALK1 causes GALCT2,4
R-HSA-5609977,Defective GALE causes EDG,4
R-HSA-5609978,Defective GALT can cause GALCT,4
R-HSA-561048,Organic anion transport,4
R-HSA-5625740,RHO GTPases activate PKNs,4
R-HSA-5625900,RHO GTPases activate CIT,4
R-HSA-5625970,RHO GTPases activate KTN1,4
R-HSA-5626467,RHO GTPases activate IQGAPs,4
R-HSA-5627083,RHO GTPases regulate CFTR trafficking,4
R-HSA-5627117,RHO GTPases Activate ROCKs,4
R-HSA-5627123,RHO GTPases activate PAKs,4
R-HSA-5628897,TP53 Regulates Metabolic Genes,4
R-HSA-5633007,Regulation of TP53 Activity,4
R-HSA-5633008,TP53 Regulates Transcription of Cell Death Genes,4
R-HSA-5633231,Defective ALG14 causes ALG14-CMS,4
R-HSA-5637810,Constitutive Signaling by EGFRvIII,4
R-HSA-5638303,Inhibition of Signaling by Overexpressed EGFR,4
R-HSA-5651801,PCNA-Dependent Long Patch Base Excision Repair,4
R-HSA-5654687,Downstream signaling of activated FGFR1,4
R-HSA-5654696,Downstream signaling of activated FGFR2,4
R-HSA-5654708,Downstream signaling of activated FGFR3,4
R-HSA-5654716,Downstream signaling of activated FGFR4,4
R-HSA-5654726,Negative regulation of FGFR1 signaling,4
R-HSA-5654727,Negative regulation of FGFR2 signaling,4
R-HSA-5654732,Negative regulation of FGFR3 signaling,4
R-HSA-5654733,Negative regulation of FGFR4 signaling,4
R-HSA-5658442,Regulation of RAS by GAPs,4
R-HSA-5658623,FGFRL1 modulation of FGFR1 signaling,4
R-HSA-5659996,RPIA deficiency: failed conversion of R5P to RU5P,4
R-HSA-5660668,CLEC7A/inflammasome pathway,4
R-HSA-5663213,RHO GTPases Activate WASPs and WAVEs,4
R-HSA-5663220,RHO GTPases Activate Formins,4
R-HSA-5666185,RHO GTPases Activate Rhotekin and Rhophilins,4
R-HSA-5668599,RHO GTPases Activate NADPH Oxidases,4
R-HSA-5673000,RAF activation,4
R-HSA-5674135,MAP2K and MAPK activation,4
R-HSA-5675221,Negative regulation of MAPK pathway,4
R-HSA-5685938,HDR through Single Strand Annealing (SSA),4
R-HSA-5685942,HDR through Homologous Recombination (HRR),4
R-HSA-5693607,Processing of DNA double-strand break ends,4
R-HSA-622323,Presynaptic nicotinic acetylcholine receptors,4
R-HSA-622327,Postsynaptic nicotinic acetylcholine receptors,4
R-HSA-6788467,IL-6-type cytokine receptor ligand interactions,4
R-HSA-6791055,"TALDO1 deficiency: failed conversion of SH7P, GA3P to Fru(6)P, E4P",4
R-HSA-6791312,TP53 Regulates Transcription of Cell Cycle Genes,4
R-HSA-6791461,RPIA deficiency: failed conversion of RU5P to R5P,4
R-HSA-6791462,"TALDO1 deficiency: failed conversion of  Fru(6)P, E4P to SH7P, GA3P",4
R-HSA-6796648,TP53 Regulates Transcription of DNA Repair Genes,4
R-HSA-6799198,Complex I biogenesis,4
R-HSA-6803529,FGFR2 alternative splicing,4
R-HSA-6807047,Cholesterol biosynthesis via desmosterol,4
R-HSA-6807062,Cholesterol biosynthesis via lathosterol,4
R-HSA-6811434,COPI-dependent Golgi-to-ER retrograde traffic,4
R-HSA-6811436,COPI-independent Golgi-to-ER retrograde traffic,4
R-HSA-6811558,"PI5P, PP2A and IER3 Regulate PI3K/AKT Signaling",4
R-HSA-6814848,Glycerophospholipid catabolism,4
R-HSA-68881,Mitotic Metaphase/Anaphase Transition,4
R-HSA-68882,Mitotic Anaphase,4
R-HSA-69091,Polymerase switching,4
R-HSA-69183,Processive synthesis on the lagging strand,4
R-HSA-69202,Cyclin E associated events during G1/S transition ,4
R-HSA-69205,G1/S-Specific Transcription,4
R-HSA-69231,Cyclin D associated events in G1,4
R-HSA-69273,Cyclin A/B1/B2 associated events during G2/M transition,4
R-HSA-69416,Dimerization of procaspase-8,4
R-HSA-69563,p53-Dependent G1 DNA Damage Response,4
R-HSA-69610,p53-Independent DNA Damage Response,4
R-HSA-71032,Propionyl-CoA catabolism,4
R-HSA-72662,"Activation of the mRNA upon binding of the cap-binding complex and eIFs, and subsequent binding to 43S",4
R-HSA-72689,Formation of a pool of free 40S subunits,4
R-HSA-72695,"Formation of the ternary complex, and subsequently, the 43S complex",4
R-HSA-72702,Ribosomal scanning and start codon recognition,4
R-HSA-72706,GTP hydrolysis and joining of the 60S ribosomal subunit,4
R-HSA-72731,Recycling of eIF2:GDP,4
R-HSA-73930,Abasic sugar-phosphate removal via the single-nucleotide replacement pathway,4
R-HSA-74713,IRS activation,4
R-HSA-74749,Signal attenuation,4
R-HSA-75035,Chk1/Chk2(Cds1) mediated inactivation of Cyclin B:Cdk1 complex,4
R-HSA-75876,Synthesis of very long-chain fatty acyl-CoAs,4
R-HSA-77286,mitochondrial fatty acid beta-oxidation of saturated fatty acids,4
R-HSA-77288,mitochondrial fatty acid beta-oxidation of unsaturated fatty acids,4
R-HSA-844455,The NLRP1 inflammasome,4
R-HSA-844456,The NLRP3 inflammasome,4
R-HSA-844615,The AIM2 inflammasome,4
R-HSA-844623,The IPAF inflammasome,4
R-HSA-877312,Regulation of IFNG signaling,4
R-HSA-881907,Gastrin-CREB signalling pathway via PKC and MAPK,4
R-HSA-8847453,Synthesis of PIPs in the nucleus,4
R-HSA-8852276,The role of GTSE1 in G2/M progression after G2 checkpoint,4
R-HSA-8854050,FBXL7 down-regulates AURKA during mitotic entry and in early mitosis,4
R-HSA-8854518,AURKA Activation by TPX2,4
R-HSA-8854521,Interaction between PHLDA1 and AURKA,4
R-HSA-8862803,Deregulated CDK5 triggers multiple neurodegenerative pathways in Alzheimer's disease models,4
R-HSA-8866904,Negative regulation of activity of TFAP2 (AP-2) family transcription factors,4
R-HSA-8866906,TFAP2 (AP-2) family regulates transcription of other transcription factors,4
R-HSA-8866907,Activation of the TFAP2 (AP-2) family of transcription factors,4
R-HSA-8866910,TFAP2 (AP-2) family regulates transcription of growth factors and their receptors,4
R-HSA-8866911,TFAP2 (AP-2) family regulates transcription of cell cycle factors,4
R-HSA-8869496,TFAP2A acts as a transcriptional repressor during retinoic acid induced cell differentiation,4
R-HSA-8874081,MET activates PTK2 signaling,4
R-HSA-8875360,InlB-mediated entry of Listeria monocytogenes into host cell,4
R-HSA-8875513,MET interacts with TNS proteins,4
R-HSA-8875555,MET activates RAP1 and RAC1,4
R-HSA-8876493,InlA-mediated entry of Listeria monocytogenes into host cells,4
R-HSA-8877330,RUNX1 and FOXP3 control the development of regulatory T lymphocytes (Tregs),4
R-HSA-888568,GABA synthesis,4
R-HSA-888593,Reuptake of GABA,4
R-HSA-8931987,RUNX1 regulates estrogen receptor mediated transcription,4
R-HSA-8934593,Regulation of RUNX1 Expression and Activity,4
R-HSA-8934903,Receptor Mediated Mitophagy,4
R-HSA-8935964,RUNX1 regulates expression of components of tight junctions,4
R-HSA-8936459,RUNX1 regulates genes involved in megakaryocyte differentiation and platelet function,4
R-HSA-8939236,RUNX1 regulates transcription of genes involved in differentiation of HSCs,4
R-HSA-8939242,RUNX1 regulates transcription of genes involved in differentiation of keratinocytes,4
R-HSA-8939243,RUNX1 interacts with co-factors whose precise effect on RUNX1 targets is not known,4
R-HSA-8939245,RUNX1 regulates transcription of genes involved in BCR signaling,4
R-HSA-8939246,RUNX1 regulates transcription of genes involved in differentiation of myeloid cells,4
R-HSA-8939247,RUNX1 regulates transcription of genes involved in interleukin signaling,4
R-HSA-8939256,RUNX1 regulates transcription of genes involved in WNT signaling,4
R-HSA-8939902,Regulation of RUNX2 expression and activity,4
R-HSA-8941326,RUNX2 regulates bone development,4
R-HSA-8941332,RUNX2 regulates genes involved in cell migration,4
R-HSA-8941333,RUNX2 regulates genes involved in differentiation of myeloid cells,4
R-HSA-8941855,RUNX3 regulates CDKN1A transcription,4
R-HSA-8941856,RUNX3 regulates NOTCH signaling,4
R-HSA-8941858,Regulation of RUNX3 expression and activity,4
R-HSA-8942233,Intestinal infectious diseases,4
R-HSA-8943723,Regulation of PTEN mRNA translation,4
R-HSA-8943724,Regulation of PTEN gene transcription,4
R-HSA-8948747,Regulation of PTEN localization,4
R-HSA-8948751,Regulation of PTEN stability and activity,4
R-HSA-8949275,RUNX3 Regulates Immune Response and Cell Migration,4
R-HSA-8951430,RUNX3 regulates WNT signaling,4
R-HSA-8951671,RUNX3 regulates YAP1-mediated transcription,4
R-HSA-8951911,RUNX3 regulates RUNX1-mediated transcription,4
R-HSA-8951936,RUNX3 regulates p14-ARF,4
R-HSA-8952158,RUNX3 regulates BCL2L11 (BIM) transcription,4
R-HSA-8964315,G beta:gamma signalling through BTK,4
R-HSA-8964616,G beta:gamma signalling through CDC42,4
R-HSA-8980692,RHOA GTPase cycle,4
R-HSA-8983432,Interleukin-15 signaling,4
R-HSA-8983711,OAS antiviral response,4
R-HSA-8984722,Interleukin-35 Signalling,4
R-HSA-8985586,SLIT2:ROBO1 increases RHOA activity,4
R-HSA-8985801,Regulation of cortical dendrite branching,4
R-HSA-8985947,Interleukin-9 signaling,4
R-HSA-9005891,Loss of function of MECP2 in Rett syndrome,4
R-HSA-9007892,Interleukin-38 signaling,4
R-HSA-9008059,Interleukin-37 signaling,4
R-HSA-901042,Calnexin/calreticulin cycle,4
R-HSA-9010553,Regulation of expression of SLITs and ROBOs,4
R-HSA-9010642,ROBO receptors bind AKAP5,4
R-HSA-9012546,Interleukin-18 signaling,4
R-HSA-9013026,RHOB GTPase cycle,4
R-HSA-9013106,RHOC GTPase cycle,4
R-HSA-9013148,CDC42 GTPase cycle,4
R-HSA-9013149,RAC1 GTPase cycle,4
R-HSA-9013404,RAC2 GTPase cycle,4
R-HSA-9013405,RHOD GTPase cycle,4
R-HSA-9013406,RHOQ GTPase cycle,4
R-HSA-9013407,RHOH GTPase cycle,4
R-HSA-9013408,RHOG GTPase cycle,4
R-HSA-9013409,RHOJ GTPase cycle,4
R-HSA-9013420,RHOU GTPase cycle,4
R-HSA-9013423,RAC3 GTPase cycle,4
R-HSA-9013424,RHOV GTPase cycle,4
R-HSA-9013957,TLR3-mediated TICAM1-dependent programmed cell death,4
R-HSA-9013973,TICAM1-dependent activation of IRF3/IRF7,4
R-HSA-9014325,"TICAM1,TRAF6-dependent induction of TAK1 complex",4
R-HSA-9014826,Interleukin-36 pathway,4
R-HSA-9014843,Interleukin-33 signaling,4
R-HSA-9017802,Noncanonical activation of NOTCH3,4
R-HSA-9018676,Biosynthesis of D-series resolvins,4
R-HSA-9018681,Biosynthesis of protectins,4
R-HSA-9018682,Biosynthesis of maresins,4
R-HSA-9018896,Biosynthesis of E-series 18(S)-resolvins,4
R-HSA-9020265,Biosynthesis of aspirin-triggered D-series resolvins,4
R-HSA-9020558,Interleukin-2 signaling,4
R-HSA-9020591,Interleukin-12 signaling,4
R-HSA-9020702,Interleukin-1 signaling,4
R-HSA-9020933,Interleukin-23 signaling,4
R-HSA-9020956,Interleukin-27 signaling,4
R-HSA-9020958,Interleukin-21 signaling,4
R-HSA-9022692,Regulation of MECP2 expression and activity,4
R-HSA-9022699,MECP2 regulates neuronal receptors and channels,4
R-HSA-9022702,MECP2 regulates transcription of neuronal ligands,4
R-HSA-9022707,MECP2 regulates transcription factors,4
R-HSA-9022927,MECP2 regulates transcription of genes involved in GABA signaling,4
R-HSA-9023661,Biosynthesis of E-series 18(R)-resolvins,4
R-HSA-9024909,BDNF activates NTRK2 (TRKB) signaling,4
R-HSA-9025046,NTF3 activates NTRK2 (TRKB) signaling,4
R-HSA-9025094,Biosynthesis of DPAn-3 SPMs,4
R-HSA-9025106,Biosynthesis of DPAn-6 SPMs,4
R-HSA-9026357,NTF4 activates NTRK2 (TRKB) signaling,4
R-HSA-9026395,Biosynthesis of DHA-derived sulfido conjugates,4
R-HSA-9026519,Activated NTRK2 signals through RAS,4
R-HSA-9026527,Activated NTRK2 signals through PLCG1,4
R-HSA-9028335,Activated NTRK2 signals through PI3K,4
R-HSA-9028731,Activated NTRK2 signals through FRS2 and FRS3,4
R-HSA-9032500,Activated NTRK2 signals through FYN,4
R-HSA-9032845,Activated NTRK2 signals through CDK5,4
R-HSA-9034013,NTF3 activates NTRK3 signaling,4
R-HSA-9034793,Activated NTRK3 signals through PLCG1,4
R-HSA-9034864,Activated NTRK3 signals through RAS,4
R-HSA-9035034,RHOF GTPase cycle,4
R-HSA-912526,Interleukin receptor SHC signaling,4
R-HSA-912631,Regulation of signaling by CBL,4
R-HSA-912694,Regulation of IFNA/IFNB signaling,4
R-HSA-916853,Degradation of GABA,4
R-HSA-9603381,Activated NTRK3 signals through PI3K,4
R-HSA-9603505,NTRK3 as a dependence receptor,4
R-HSA-9608287,Defective MUTYH substrate binding,4
R-HSA-9608290,Defective MUTYH substrate processing,4
R-HSA-9609690,HCMV Early Events,4
R-HSA-9609736,Assembly and cell surface presentation of NMDA receptors,4
R-HSA-9610379,HCMV Late Events,4
R-HSA-9614399,Regulation of localization of FOXO transcription factors,4
R-HSA-9614657,FOXO-mediated transcription of cell death genes,4
R-HSA-9615017,"FOXO-mediated transcription of oxidative stress, metabolic and neuronal genes",4
R-HSA-9617324,Negative regulation of NMDA receptor-mediated neuronal transmission,4
R-HSA-9617629,Regulation of FOXO transcriptional activity by acetylation,4
R-HSA-9617828,FOXO-mediated transcription of cell cycle genes,4
R-HSA-9630221,Defective NTHL1 substrate processing,4
R-HSA-9630222,Defective NTHL1 substrate binding,4
R-HSA-9630791,Evasion of Oncogene Induced Senescence Due to Defective p16INK4A binding to CDK4,4
R-HSA-9630794,Evasion of Oncogene Induced Senescence Due to Defective p16INK4A binding to CDK4 and CDK6,4
R-HSA-9632697,Evasion of Oxidative Stress Induced Senescence Due to Defective p16INK4A binding to CDK4,4
R-HSA-9632700,Evasion of Oxidative Stress Induced Senescence Due to Defective p16INK4A binding to CDK4 and CDK6,4
R-HSA-9634597,GPER1 signaling,4
R-HSA-9634600,"Regulation of glycolysis by fructose 2,6-bisphosphate metabolism",4
R-HSA-9634635,Estrogen-stimulated signaling through PRKCZ,4
R-HSA-9634638,Estrogen-dependent nuclear events downstream of ESR-membrane signaling,4
R-HSA-9637628,Modulation by Mtb of host immune system,4
R-HSA-9637679,Escape of Mtb from the phagocyte,4
R-HSA-9637690,Response of Mtb to phagocytosis,4
R-HSA-9639775,Antimicrobial action and antimicrobial resistance in Mtb,4
R-HSA-964739,N-glycan trimming and elongation in the cis-Golgi,4
R-HSA-9648002,RAS processing,4
R-HSA-9648025,EML4 and NUDC in mitotic spindle formation,4
R-HSA-9649913,RAS GTPase cycle mutants,4
R-HSA-9649948,Signaling downstream of RAS mutants,4
R-HSA-9656255,Defective OGG1 Substrate Binding,4
R-HSA-9656256,Defective OGG1 Substrate Processing,4
R-HSA-9657050,Defective OGG1 Localization,4
R-HSA-9661069,"Defective binding of RB1 mutants to E2F1,(E2F2, E2F3)",4
R-HSA-9661070,Defective translocation of RB1 mutants to the nucleus,4
R-HSA-9664407,Parasite infection,4
R-HSA-9664420,Killing mechanisms,4
R-HSA-9664424,Cell recruitment (pro-inflammatory response),4
R-HSA-9664433,Leishmania parasite growth and survival,4
R-HSA-9665233,Resistance of ERBB2 KD mutants to trastuzumab,4
R-HSA-9665244,Resistance of ERBB2 KD mutants to sapitinib,4
R-HSA-9665245,Resistance of ERBB2 KD mutants to tesevatinib,4
R-HSA-9665246,Resistance of ERBB2 KD mutants to neratinib,4
R-HSA-9665247,Resistance of ERBB2 KD mutants to osimertinib,4
R-HSA-9665249,Resistance of ERBB2 KD mutants to afatinib,4
R-HSA-9665250,Resistance of ERBB2 KD mutants to AEE788,4
R-HSA-9665251,Resistance of ERBB2 KD mutants to lapatinib,4
R-HSA-9669914,Dasatinib-resistant KIT mutants,4
R-HSA-9669917,Imatinib-resistant KIT mutants,4
R-HSA-9669924,Masitinib-resistant KIT mutants,4
R-HSA-9669926,Nilotinib-resistant KIT mutants,4
R-HSA-9669929,Regorafenib-resistant KIT mutants,4
R-HSA-9669934,Sunitinib-resistant KIT mutants,4
R-HSA-9669936,Sorafenib-resistant KIT mutants,4
R-HSA-9670621,Defective Inhibition of DNA Recombination at Telomere,4
R-HSA-9672387,Defective F8 accelerates dissociation of the A2 domain,4
R-HSA-9672391,Defective F8 cleavage by thrombin,4
R-HSA-9672393,Defective F8 binding to von Willebrand factor,4
R-HSA-9672395,Defective F8 binding to the cell membrane,4
R-HSA-9672396,Defective cofactor function of FVIIIa variant,4
R-HSA-9672397,Defective F8 secretion,4
R-HSA-9673163,Oleoyl-phe metabolism,4
R-HSA-9673202,Defective F9 variant does not activate FX,4
R-HSA-9673218,Defective F9 secretion,4
R-HSA-9673221,Defective F9 activation,4
R-HSA-9673240,Defective gamma-carboxylation of F9,4
R-HSA-9674396,Imatinib-resistant PDGFR mutants,4
R-HSA-9674401,Sunitinib-resistant PDGFR mutants,4
R-HSA-9674403,Regorafenib-resistant PDGFR mutants,4
R-HSA-9674404,Sorafenib-resistant PDGFR mutants,4
R-HSA-9674519,Defective F8 sulfation at Y1699,4
R-HSA-9678108,SARS-CoV-1 Infection,4
R-HSA-9679191,Potential therapeutics for SARS,4
R-HSA-9694516,SARS-CoV-2 Infection,4
R-HSA-9696264,RND3 GTPase cycle,4
R-HSA-9696270,RND2 GTPase cycle,4
R-HSA-9696273,RND1 GTPase cycle,4
R-HSA-9702518,STAT5 activation downstream of FLT3 ITD mutants,4
R-HSA-9702569,KW2449-resistant FLT3 mutants,4
R-HSA-9702577,semaxanib-resistant FLT3 mutants,4
R-HSA-9702581,crenolanib-resistant FLT3 mutants,4
R-HSA-9702590,gilteritinib-resistant FLT3 mutants,4
R-HSA-9702596,lestaurtinib-resistant FLT3 mutants,4
R-HSA-9702600,midostaurin-resistant FLT3 mutants,4
R-HSA-9702605,pexidartinib-resistant FLT3 mutants,4
R-HSA-9702614,ponatinib-resistant FLT3 mutants,4
R-HSA-9702620,quizartinib-resistant FLT3 mutants,4
R-HSA-9702624,sorafenib-resistant FLT3 mutants,4
R-HSA-9702632,sunitinib-resistant FLT3 mutants,4
R-HSA-9702636,tandutinib-resistant FLT3 mutants,4
R-HSA-9702998,linifanib-resistant FLT3 mutants,4
R-HSA-9703009,tamatinib-resistant FLT3 mutants,4
R-HSA-9704331,Defective HDR through Homologous Recombination Repair (HRR) due to PALB2 loss of BRCA1 binding function,4
R-HSA-9704646,Defective HDR through Homologous Recombination Repair (HRR) due to PALB2 loss of BRCA2/RAD51/RAD51C binding function,4
R-HSA-9706574,RHOBTB GTPase Cycle,4
R-HSA-9707587,Regulation of HMOX1 expression and activity,4
R-HSA-9708530,Regulation of BACH1 activity,4
R-HSA-9709275,Impaired BRCA2 translocation to the nucleus,4
R-HSA-9709570,Impaired BRCA2 binding to RAD51,4
R-HSA-9709603,Impaired BRCA2 binding to PALB2,4
R-HSA-9717264,ASP-3026-resistant ALK mutants,4
R-HSA-9717301,NVP-TAE684-resistant ALK mutants,4
R-HSA-9717316,alectinib-resistant ALK mutants,4
R-HSA-9717319,brigatinib-resistant ALK mutants,4
R-HSA-9717323,ceritinib-resistant ALK mutants,4
R-HSA-9717326,crizotinib-resistant ALK mutants,4
R-HSA-9717329,lorlatinib-resistant ALK mutants,4
R-HSA-9723905,Loss of function of TP53 in cancer due to loss of tetramerization ability,4
R-HSA-9725371,Nuclear events stimulated by ALK signaling in cancer,4
R-HSA-9726840,SHOC2 M1731 mutant abolishes MRAS complex function,4
R-HSA-9726842,Gain-of-function MRAS complexes activate RAF signaling,4
R-HSA-9732724,IFNG signaling activates MAPKs,4
R-HSA-9734091,Drug-mediated inhibition of MET activation,4
R-HSA-9734195,Defective APRT disrupts adenine salvage,4
R-HSA-9734281,Defective HPRT1 disrupts guanine and hypoxanthine salvage,4
R-HSA-9734735,Defective ADA disrupts (deoxy)adenosine deamination,4
R-HSA-9735763,Defective PNP disrupts phosphorolysis of (deoxy)guanosine and (deoxy)inosine,4
R-HSA-975155,MyD88 dependent cascade initiated on endosome,4
R-HSA-975576,N-glycan antennae elongation in the medial/trans-Golgi,4
R-HSA-975871,MyD88 cascade initiated on plasma membrane,4
R-HSA-9758881,Uptake of dietary cobalamins into enterocytes,4
R-HSA-9758890,Transport of RCbl within the body,4
R-HSA-9759194,Nuclear events mediated by NFE2L2,4
R-HSA-9759218,Cobalamin (Cbl) metabolism,4
R-HSA-9759476,Regulation of Homotypic Cell-Cell Adhesion,4
R-HSA-9763198,Impaired BRCA2 binding to SEM1 (DSS1),4
R-HSA-9768759,Regulation of NPAS4 gene expression,4
R-HSA-9768919,NPAS4 regulates expression of target genes,4
R-HSA-977068,Termination of O-glycan biosynthesis,4
R-HSA-977444,GABA B receptor activation,4
R-HSA-9793242,SUMOylation of nuclear envelope proteins,4
R-HSA-9833482,PKR-mediated signaling,4
R-HSA-9840309,Glycosphingolipid biosynthesis,4
R-HSA-9840310,Glycosphingolipid catabolism,4
